Date;Price
05/23/2025;110,970.6
05/22/2025;111,702.7
05/21/2025;109,640.1
05/20/2025;106,815.8
05/19/2025;105,585.8
05/18/2025;106,504.5
05/17/2025;103,112.6
05/16/2025;103,480.5
05/15/2025;103,765.4
05/14/2025;103,513.9
05/13/2025;104,119.2
05/12/2025;102,795.0
05/11/2025;104,119.2
05/10/2025;104,798.0
05/09/2025;102,975.1
05/08/2025;103,274.3
05/07/2025;97,035.1
05/06/2025;96,825.4
05/05/2025;94,745.2
05/04/2025;94,316.9
05/03/2025;95,885.8
05/02/2025;96,894.4
05/01/2025;96,499.3
04/30/2025;94,184.4
04/29/2025;94,269.8
04/28/2025;94,995.0
04/27/2025;93,742.5
04/26/2025;94,631.4
04/25/2025;94,676.9
04/24/2025;93,980.3
04/23/2025;93,697.7
04/22/2025;93,441.9
04/21/2025;87,516.0
04/20/2025;85,179.0
04/19/2025;85,068.1
04/18/2025;84,474.6
04/17/2025;84,940.0
04/16/2025;84,032.2
04/15/2025;83,647.0
04/14/2025;84,586.4
04/13/2025;83,734.4
04/12/2025;85,292.7
04/11/2025;83,413.1
04/10/2025;79,607.5
04/09/2025;82,607.0
04/08/2025;76,312.5
04/07/2025;79,162.5
04/06/2025;78,391.3
04/05/2025;83,552.1
04/04/2025;83,866.7
04/03/2025;83,159.4
04/02/2025;82,525.0
04/01/2025;85,164.2
03/31/2025;82,548.8
03/30/2025;82,371.6
03/29/2025;82,645.7
03/28/2025;84,410.4
03/27/2025;87,228.2
03/26/2025;86,912.0
03/25/2025;87,404.0
03/24/2025;87,490.0
03/23/2025;86,077.4
03/22/2025;83,840.5
03/21/2025;84,073.3
03/20/2025;84,208.1
03/19/2025;86,841.0
03/18/2025;82,719.1
03/17/2025;84,019.1
03/16/2025;82,578.4
03/15/2025;84,341.3
03/14/2025;83,977.1
03/13/2025;81,100.2
03/12/2025;83,664.3
03/11/2025;82,921.1
03/10/2025;78,575.9
03/09/2025;80,691.6
03/08/2025;86,221.9
03/07/2025;86,531.2
03/06/2025;89,930.9
03/05/2025;90,611.7
03/04/2025;87,266.3
03/03/2025;86,209.7
03/02/2025;94,265.1
03/01/2025;86,071.6
02/28/2025;84,381.2
02/27/2025;84,714.6
02/26/2025;84,212.7
02/25/2025;88,686.0
02/24/2025;91,508.5
02/23/2025;96,258.8
02/22/2025;96,556.1
02/21/2025;96,155.6
02/20/2025;98,310.3
02/19/2025;96,644.8
02/18/2025;95,638.0
02/17/2025;95,781.3
02/16/2025;96,132.1
02/15/2025;97,573.4
02/14/2025;97,504.6
02/13/2025;96,610.2
02/12/2025;97,881.3
02/11/2025;95,771.7
02/10/2025;97,434.7
02/09/2025;96,469.2
02/08/2025;96,447.9
02/07/2025;96,513.5
02/06/2025;96,568.8
02/05/2025;96,595.3
02/04/2025;97,793.4
02/03/2025;101,337.1
02/02/2025;97,684.9
02/01/2025;100,648.0
01/31/2025;102,424.2
01/30/2025;104,726.9
01/29/2025;103,722.0
01/28/2025;101,349.3
01/27/2025;102,091.7
01/26/2025;102,637.8
01/25/2025;104,742.9
01/24/2025;104,862.3
01/23/2025;103,912.1
01/22/2025;103,684.8
01/21/2025;106,157.2
01/20/2025;102,197.7
01/19/2025;101,319.5
01/18/2025;104,536.9
01/17/2025;104,084.9
01/16/2025;100,004.5
01/15/2025;100,499.8
01/14/2025;96,542.1
01/13/2025;94,536.1
01/12/2025;94,541.8
01/11/2025;94,612.0
01/10/2025;94,724.1
01/09/2025;92,539.8
01/08/2025;95,066.6
01/07/2025;96,929.8
01/06/2025;102,248.7
01/05/2025;98,347.7
01/04/2025;98,219.9
01/03/2025;98,167.5
01/02/2025;96,960.0
01/01/2025;94,560.2
12/31/2024;93,557.2
12/30/2024;92,779.8
12/29/2024;93,716.3
12/28/2024;95,284.5
12/27/2024;94,275.9
12/26/2024;95,777.7
12/25/2024;99,391.3
12/24/2024;98,668.1
12/23/2024;94,852.1
12/22/2024;95,183.8
12/21/2024;97,253.3
12/20/2024;97,795.7
12/19/2024;97,466.1
12/18/2024;100,197.8
12/17/2024;106,138.9
12/16/2024;106,057.6
12/15/2024;104,443.0
12/14/2024;101,417.7
12/13/2024;101,426.2
12/12/2024;100,009.9
12/11/2024;101,126.2
12/10/2024;96,600.3
12/09/2024;97,359.4
12/08/2024;101,115.8
12/07/2024;99,837.0
12/06/2024;99,760.7
12/05/2024;96,970.8
12/04/2024;98,635.8
12/03/2024;95,898.7
12/02/2024;95,846.6
12/01/2024;97,201.4
11/30/2024;96,405.7
11/29/2024;97,438.0
11/28/2024;95,645.5
11/27/2024;95,886.6
11/26/2024;91,977.6
11/25/2024;93,064.4
11/24/2024;97,935.2
11/23/2024;97,699.0
11/22/2024;98,929.7
11/21/2024;98,374.5
11/20/2024;94,303.9
11/19/2024;92,239.2
11/18/2024;90,478.7
11/17/2024;89,833.7
11/16/2024;90,539.1
11/15/2024;91,046.5
11/14/2024;87,294.0
11/13/2024;90,422.2
11/12/2024;87,941.3
11/11/2024;88,664.1
11/10/2024;80,388.5
11/09/2024;76,700.3
11/08/2024;76,517.3
11/07/2024;75,868.6
11/06/2024;75,586.3
11/05/2024;69,373.7
11/04/2024;67,848.8
11/03/2024;68,769.6
11/02/2024;69,325.8
11/01/2024;69,507.2
10/31/2024;70,281.8
10/30/2024;72,347.8
10/29/2024;72,730.4
10/28/2024;69,954.1
10/27/2024;68,004.6
10/26/2024;67,086.8
10/25/2024;66,696.8
10/24/2024;68,191.5
10/23/2024;66,663.7
10/22/2024;67,427.3
10/21/2024;67,371.3
10/20/2024;69,030.5
10/19/2024;68,372.0
10/18/2024;68,423.1
10/17/2024;67,418.4
10/16/2024;67,617.9
10/15/2024;67,077.5
10/14/2024;66,081.7
10/13/2024;62,870.9
10/12/2024;63,205.1
10/11/2024;62,499.4
10/10/2024;60,316.2
10/09/2024;60,628.8
10/08/2024;62,157.0
10/07/2024;62,245.6
10/06/2024;62,819.4
10/05/2024;62,061.4
10/04/2024;62,081.0
10/03/2024;60,751.2
10/02/2024;60,645.7
10/01/2024;60,835.5
09/30/2024;63,339.2
09/29/2024;65,607.1
09/28/2024;65,866.5
09/27/2024;65,776.3
09/26/2024;65,175.7
09/25/2024;63,156.5
09/24/2024;64,256.8
09/23/2024;63,331.8
09/22/2024;63,572.7
09/21/2024;63,348.1
09/20/2024;63,201.2
09/19/2024;62,938.6
09/18/2024;61,757.6
09/17/2024;60,309.1
09/16/2024;58,213.1
09/15/2024;59,138.5
09/14/2024;59,995.4
09/13/2024;60,511.6
09/12/2024;58,134.5
09/11/2024;57,338.7
09/10/2024;57,635.0
09/09/2024;57,049.6
09/08/2024;54,861.3
09/07/2024;54,156.5
09/06/2024;53,966.8
09/05/2024;56,183.2
09/04/2024;57,973.4
09/03/2024;57,479.8
09/02/2024;59,134.0
09/01/2024;57,315.7
08/31/2024;58,978.6
08/30/2024;59,119.7
08/29/2024;59,373.5
08/28/2024;59,016.0
08/27/2024;59,450.9
08/26/2024;62,846.2
08/25/2024;64,273.2
08/24/2024;64,159.3
08/23/2024;64,053.1
08/22/2024;60,372.2
08/21/2024;61,158.1
08/20/2024;59,005.8
08/19/2024;59,470.9
08/18/2024;58,446.3
08/17/2024;59,483.1
08/16/2024;58,877.2
08/15/2024;57,534.6
08/14/2024;58,707.8
08/13/2024;60,595.2
08/12/2024;59,350.0
08/11/2024;58,713.3
08/10/2024;60,931.7
08/09/2024;60,850.6
08/08/2024;61,699.7
08/07/2024;55,120.9
08/06/2024;56,057.8
08/05/2024;53,979.0
08/04/2024;58,141.8
08/03/2024;60,696.7
08/02/2024;61,478.7
08/01/2024;65,372.9
07/31/2024;64,626.0
07/30/2024;66,184.9
07/29/2024;66,798.7
07/28/2024;68,256.3
07/27/2024;67,843.1
07/26/2024;67,908.6
07/25/2024;65,799.3
07/24/2024;65,370.5
07/23/2024;65,937.8
07/22/2024;67,553.6
07/21/2024;68,158.7
07/20/2024;67,148.5
07/19/2024;66,677.4
07/18/2024;63,980.5
07/17/2024;64,089.2
07/16/2024;65,049.7
07/15/2024;64,782.4
07/14/2024;60,794.9
07/13/2024;59,209.8
07/12/2024;57,885.1
07/11/2024;57,337.3
07/10/2024;57,746.7
07/09/2024;58,039.4
07/08/2024;56,724.7
07/07/2024;55,861.1
07/06/2024;58,259.2
07/05/2024;56,641.8
07/04/2024;57,026.3
07/03/2024;60,199.3
07/02/2024;62,103.3
07/01/2024;62,890.1
06/30/2024;62,754.3
06/29/2024;60,973.4
06/28/2024;60,403.3
06/27/2024;61,685.3
06/26/2024;60,849.4
06/25/2024;61,809.4
06/24/2024;60,292.7
06/23/2024;63,196.2
06/22/2024;64,261.0
06/21/2024;64,128.5
06/20/2024;64,854.3
06/19/2024;64,980.9
06/18/2024;65,159.9
06/17/2024;66,498.8
06/16/2024;66,674.7
06/15/2024;66,223.0
06/14/2024;66,034.8
06/13/2024;66,773.1
06/12/2024;68,260.1
06/11/2024;67,319.8
06/10/2024;69,538.2
06/09/2024;69,650.6
06/08/2024;69,310.1
06/07/2024;69,347.9
06/06/2024;70,791.5
06/05/2024;71,083.7
06/04/2024;70,549.2
06/03/2024;68,807.8
06/02/2024;67,773.5
06/01/2024;67,760.8
05/31/2024;67,530.1
05/30/2024;68,354.7
05/29/2024;67,635.8
05/28/2024;68,366.0
05/27/2024;69,428.7
05/26/2024;68,514.8
05/25/2024;69,284.4
05/24/2024;68,547.6
05/23/2024;67,975.7
05/22/2024;69,155.4
05/21/2024;70,139.9
05/20/2024;71,422.7
05/19/2024;66,279.1
05/18/2024;66,917.5
05/17/2024;67,036.8
05/16/2024;65,231.0
05/15/2024;66,225.1
05/14/2024;61,569.4
05/13/2024;62,937.2
05/12/2024;61,480.0
05/11/2024;60,826.6
05/10/2024;60,796.9
05/09/2024;63,075.0
05/08/2024;61,207.5
05/07/2024;62,317.7
05/06/2024;63,163.1
05/05/2024;64,006.4
05/04/2024;63,888.3
05/03/2024;62,877.5
05/02/2024;59,121.3
05/01/2024;58,331.2
04/30/2024;60,666.6
04/29/2024;63,860.1
04/28/2024;63,109.7
04/27/2024;63,456.8
04/26/2024;63,766.4
04/25/2024;64,497.1
04/24/2024;64,285.7
04/23/2024;66,415.0
04/22/2024;66,829.3
04/21/2024;64,940.2
04/20/2024;64,961.1
04/19/2024;63,799.1
04/18/2024;63,481.4
04/17/2024;61,278.9
04/16/2024;63,805.3
04/15/2024;63,411.9
04/14/2024;65,697.4
04/13/2024;63,849.9
04/12/2024;67,151.9
04/11/2024;70,011.6
04/10/2024;70,622.1
04/09/2024;69,148.0
04/08/2024;71,630.1
04/07/2024;69,360.4
04/06/2024;68,890.6
04/05/2024;67,830.6
04/04/2024;68,496.5
04/03/2024;65,963.0
04/02/2024;65,439.2
04/01/2024;69,664.4
03/31/2024;71,332.0
03/30/2024;69,611.5
03/29/2024;69,871.7
03/28/2024;70,762.1
03/27/2024;69,442.4
03/26/2024;69,999.3
03/25/2024;69,892.0
03/24/2024;67,211.9
03/23/2024;64,037.8
03/22/2024;63,785.5
03/21/2024;65,503.8
03/20/2024;67,854.0
03/19/2024;62,050.0
03/18/2024;67,594.1
03/17/2024;68,391.2
03/16/2024;65,314.2
03/15/2024;69,463.7
03/14/2024;71,387.5
03/13/2024;73,066.3
03/12/2024;71,470.2
03/11/2024;72,099.1
03/10/2024;68,964.8
03/09/2024;68,366.5
03/08/2024;68,172.0
03/07/2024;66,855.3
03/06/2024;66,080.4
03/05/2024;63,792.6
03/04/2024;68,270.1
03/03/2024;63,135.8
03/02/2024;61,994.5
03/01/2024;62,397.7
02/29/2024;61,169.3
02/28/2024;62,467.6
02/27/2024;57,056.2
02/26/2024;54,495.1
02/25/2024;51,722.7
02/24/2024;51,571.6
02/23/2024;50,740.5
02/22/2024;51,320.4
02/21/2024;51,858.2
02/20/2024;52,263.5
02/19/2024;51,783.6
02/18/2024;52,117.5
02/17/2024;51,646.0
02/16/2024;52,134.2
02/15/2024;51,901.3
02/14/2024;51,782.4
02/13/2024;49,716.0
02/12/2024;49,941.3
02/11/2024;48,277.3
02/10/2024;47,758.2
02/09/2024;47,127.5
02/08/2024;45,293.3
02/07/2024;44,339.8
02/06/2024;43,087.7
02/05/2024;42,697.2
02/04/2024;42,581.4
02/03/2024;43,005.7
02/02/2024;43,194.7
02/01/2024;43,081.4
01/31/2024;42,580.5
01/30/2024;42,946.2
01/29/2024;43,299.8
01/28/2024;42,030.7
01/27/2024;42,120.9
01/26/2024;41,811.3
01/25/2024;39,935.7
01/24/2024;40,086.0
01/23/2024;39,888.8
01/22/2024;39,556.4
01/21/2024;41,583.2
01/20/2024;41,695.4
01/19/2024;41,648.0
01/18/2024;41,292.7
01/17/2024;42,768.7
01/16/2024;43,145.5
01/15/2024;42,510.7
01/14/2024;41,746.1
01/13/2024;42,851.3
01/12/2024;42,835.9
01/11/2024;46,348.2
01/10/2024;46,629.3
01/09/2024;46,129.0
01/08/2024;46,962.2
01/07/2024;43,927.3
01/06/2024;43,967.9
01/05/2024;44,156.9
01/04/2024;44,157.0
01/03/2024;42,836.1
01/02/2024;44,943.7
01/01/2024;44,183.4
12/31/2023;42,272.5
12/30/2023;42,136.7
12/29/2023;42,072.4
12/28/2023;42,581.1
12/27/2023;43,446.5
12/26/2023;42,513.3
12/25/2023;43,578.5
12/24/2023;42,981.5
12/23/2023;43,710.4
12/22/2023;43,968.9
12/21/2023;43,865.9
12/20/2023;43,662.8
12/19/2023;42,259.3
12/18/2023;42,659.7
12/17/2023;41,368.7
12/16/2023;42,271.7
12/15/2023;41,929.0
12/14/2023;43,025.9
12/13/2023;42,884.5
12/12/2023;41,487.0
12/11/2023;41,256.1
12/10/2023;43,791.0
12/09/2023;43,718.4
12/08/2023;44,175.5
12/07/2023;43,289.7
12/06/2023;43,776.3
12/05/2023;44,076.2
12/04/2023;41,987.8
12/03/2023;39,970.2
12/02/2023;39,458.4
12/01/2023;38,688.2
11/30/2023;37,712.9
11/29/2023;37,855.5
11/28/2023;37,823.3
11/27/2023;37,248.6
11/26/2023;37,451.8
11/25/2023;37,787.0
11/24/2023;37,717.3
11/23/2023;37,293.1
11/22/2023;37,410.8
11/21/2023;35,813.6
11/20/2023;37,454.1
11/19/2023;37,354.2
11/18/2023;36,568.6
11/17/2023;36,595.4
11/16/2023;36,161.2
11/15/2023;37,874.9
11/14/2023;35,549.3
11/13/2023;36,478.3
11/12/2023;37,064.4
11/11/2023;37,150.5
11/10/2023;37,303.0
11/09/2023;36,700.5
11/08/2023;35,636.9
11/07/2023;35,426.1
11/06/2023;35,042.0
11/05/2023;35,019.4
11/04/2023;35,065.8
11/03/2023;34,718.7
11/02/2023;34,931.4
11/01/2023;35,423.8
10/31/2023;34,650.6
10/30/2023;34,477.9
10/29/2023;34,526.7
10/28/2023;34,082.6
10/27/2023;33,901.8
10/26/2023;34,153.7
10/25/2023;34,496.8
10/24/2023;33,917.0
10/23/2023;33,041.8
10/22/2023;29,984.2
10/21/2023;29,912.9
10/20/2023;29,674.5
10/19/2023;28,723.0
10/18/2023;28,321.7
10/17/2023;28,403.6
10/16/2023;28,509.7
10/15/2023;27,161.2
10/14/2023;26,852.8
10/13/2023;26,863.5
10/12/2023;26,761.1
10/11/2023;26,876.6
10/10/2023;27,391.0
10/09/2023;27,581.4
10/08/2023;27,922.7
10/07/2023;27,961.1
10/06/2023;27,936.9
10/05/2023;27,410.3
10/04/2023;27,790.9
10/03/2023;27,428.4
10/02/2023;27,505.3
10/01/2023;27,974.5
09/30/2023;26,962.7
09/29/2023;26,909.8
09/28/2023;27,022.6
09/27/2023;26,366.1
09/26/2023;26,218.9
09/25/2023;26,302.7
09/24/2023;26,251.5
09/23/2023;26,579.2
09/22/2023;26,581.9
09/21/2023;26,570.0
09/20/2023;27,125.0
09/19/2023;27,209.2
09/18/2023;26,763.5
09/17/2023;26,529.1
09/16/2023;26,562.0
09/15/2023;26,601.0
09/14/2023;26,524.7
09/13/2023;26,223.0
09/12/2023;25,834.5
09/11/2023;25,166.4
09/10/2023;25,840.2
09/09/2023;25,901.1
09/08/2023;25,909.5
09/07/2023;26,249.8
09/06/2023;25,758.0
09/05/2023;25,790.2
09/04/2023;25,823.3
09/03/2023;25,971.0
09/02/2023;25,869.7
09/01/2023;25,803.2
08/31/2023;25,937.3
08/30/2023;27,298.8
08/29/2023;27,723.9
08/28/2023;26,118.9
08/27/2023;26,100.6
08/26/2023;26,017.1
08/25/2023;26,057.2
08/24/2023;26,177.0
08/23/2023;26,436.2
08/22/2023;26,039.9
08/21/2023;26,126.0
08/20/2023;26,190.8
08/19/2023;26,099.4
08/18/2023;26,053.2
08/17/2023;26,635.7
08/16/2023;28,726.3
08/15/2023;29,195.3
08/14/2023;29,426.7
08/13/2023;29,300.1
08/12/2023;29,428.2
08/11/2023;29,420.8
08/10/2023;29,449.0
08/09/2023;29,578.0
08/08/2023;29,777.4
08/07/2023;29,204.2
08/06/2023;29,081.3
08/05/2023;29,068.1
08/04/2023;29,105.5
08/03/2023;29,189.3
08/02/2023;29,173.7
08/01/2023;29,712.2
07/31/2023;29,232.4
07/30/2023;29,281.7
07/29/2023;29,353.5
07/28/2023;29,315.0
07/27/2023;29,222.7
07/26/2023;29,352.2
07/25/2023;29,228.6
07/24/2023;29,178.1
07/23/2023;30,085.9
07/22/2023;29,788.9
07/21/2023;29,903.1
07/20/2023;29,801.0
07/19/2023;29,909.7
07/18/2023;29,866.8
07/17/2023;30,139.7
07/16/2023;30,235.5
07/15/2023;30,291.4
07/14/2023;30,317.4
07/13/2023;31,466.1
07/12/2023;30,387.3
07/11/2023;30,623.3
07/10/2023;30,415.3
07/09/2023;30,166.9
07/08/2023;30,288.8
07/07/2023;30,346.4
07/06/2023;29,913.1
07/05/2023;30,512.8
07/04/2023;30,768.4
07/03/2023;31,151.3
07/02/2023;30,617.7
07/01/2023;30,586.8
06/30/2023;30,472.9
06/29/2023;30,445.7
06/28/2023;30,078.6
06/27/2023;30,689.1
06/26/2023;30,267.0
06/25/2023;30,465.3
06/24/2023;30,533.6
06/23/2023;30,679.4
06/22/2023;29,890.5
06/21/2023;29,996.9
06/20/2023;28,307.7
06/19/2023;26,845.9
06/18/2023;26,339.7
06/17/2023;26,515.0
06/16/2023;26,341.3
06/15/2023;25,591.3
06/14/2023;25,129.5
06/13/2023;25,929.4
06/12/2023;25,906.8
06/11/2023;25,928.4
06/10/2023;25,844.0
06/09/2023;26,479.3
06/08/2023;26,501.1
06/07/2023;26,342.5
06/06/2023;27,230.2
06/05/2023;25,747.4
06/04/2023;27,122.3
06/03/2023;27,072.0
06/02/2023;27,244.7
06/01/2023;26,819.0
05/31/2023;27,216.1
05/30/2023;27,698.2
05/29/2023;27,739.4
05/28/2023;28,071.2
05/27/2023;26,857.5
05/26/2023;26,711.5
05/25/2023;26,475.8
05/24/2023;26,328.4
05/23/2023;27,220.7
05/22/2023;26,847.3
05/21/2023;26,749.9
05/20/2023;27,116.2
05/19/2023;26,882.9
05/18/2023;26,828.0
05/17/2023;27,403.1
05/16/2023;27,035.3
05/15/2023;27,183.9
05/14/2023;26,920.0
05/13/2023;26,777.5
05/12/2023;26,799.2
05/11/2023;26,983.5
05/10/2023;27,603.3
05/09/2023;27,634.9
05/08/2023;27,670.5
05/07/2023;28,424.8
05/06/2023;28,857.1
05/05/2023;29,513.2
05/04/2023;28,842.1
05/03/2023;29,023.6
05/02/2023;28,669.1
05/01/2023;28,077.6
04/30/2023;29,252.1
04/29/2023;29,234.1
04/28/2023;29,321.8
04/27/2023;29,475.9
04/26/2023;28,424.6
04/25/2023;28,298.8
04/24/2023;27,509.3
04/23/2023;27,591.4
04/22/2023;27,813.9
04/21/2023;27,264.8
04/20/2023;28,240.5
04/19/2023;28,813.7
04/18/2023;30,382.2
04/17/2023;29,434.9
04/16/2023;30,310.3
04/15/2023;30,299.6
04/14/2023;30,472.5
04/13/2023;30,387.4
04/12/2023;29,886.4
04/11/2023;30,209.6
04/10/2023;29,641.0
04/09/2023;28,326.6
04/08/2023;27,941.2
04/07/2023;27,910.4
04/06/2023;28,036.7
04/05/2023;28,173.5
04/04/2023;28,164.4
04/03/2023;27,802.1
04/02/2023;28,198.3
04/01/2023;28,456.1
03/31/2023;28,473.7
03/30/2023;28,029.5
03/29/2023;28,350.4
03/28/2023;27,262.2
03/27/2023;27,129.8
03/26/2023;27,973.5
03/25/2023;27,475.6
03/24/2023;27,462.2
03/23/2023;28,310.7
03/22/2023;27,261.7
03/21/2023;28,114.0
03/20/2023;27,720.5
03/19/2023;27,958.7
03/18/2023;26,914.5
03/17/2023;27,391.8
03/16/2023;25,004.1
03/15/2023;24,282.7
03/14/2023;24,699.7
03/13/2023;24,114.4
03/12/2023;21,994.8
03/11/2023;20,467.5
03/10/2023;20,156.7
03/09/2023;20,361.8
03/08/2023;21,710.8
03/07/2023;22,197.8
03/06/2023;22,410.0
03/05/2023;22,428.3
03/04/2023;22,347.1
03/03/2023;22,354.4
03/02/2023;23,465.4
03/01/2023;23,642.2
02/28/2023;23,130.5
02/27/2023;23,494.1
02/26/2023;23,558.7
02/25/2023;23,166.1
02/24/2023;23,191.5
02/23/2023;23,936.3
02/22/2023;24,186.6
02/21/2023;24,450.7
02/20/2023;24,839.5
02/19/2023;24,302.9
02/18/2023;24,631.4
02/17/2023;24,573.5
02/16/2023;23,539.6
02/15/2023;24,327.9
02/14/2023;22,198.5
02/13/2023;21,772.6
02/12/2023;21,786.8
02/11/2023;21,859.8
02/10/2023;21,635.0
02/09/2023;21,792.5
02/08/2023;22,964.6
02/07/2023;23,251.7
02/06/2023;22,761.8
02/05/2023;22,936.0
02/04/2023;23,323.8
02/03/2023;23,431.2
02/02/2023;23,427.6
02/01/2023;23,725.6
01/31/2023;23,125.1
01/30/2023;22,832.2
01/29/2023;23,753.1
01/28/2023;23,027.9
01/27/2023;23,074.6
01/26/2023;23,016.0
01/25/2023;23,055.1
01/24/2023;22,632.5
01/23/2023;22,915.5
01/22/2023;22,707.8
01/21/2023;22,775.7
01/20/2023;22,677.2
01/19/2023;21,081.2
01/18/2023;20,670.6
01/17/2023;21,137.1
01/16/2023;21,184.2
01/15/2023;20,879.8
01/14/2023;20,958.2
01/13/2023;19,927.0
01/12/2023;18,851.3
01/11/2023;17,942.3
01/10/2023;17,439.1
01/09/2023;17,180.1
01/08/2023;17,119.0
01/07/2023;16,943.6
01/06/2023;16,950.9
01/05/2023;16,829.8
01/04/2023;16,852.1
01/03/2023;16,674.2
01/02/2023;16,674.3
01/01/2023;16,618.4
12/31/2022;16,537.4
12/30/2022;16,607.2
12/29/2022;16,636.4
12/28/2022;16,546.2
12/27/2022;16,706.1
12/26/2022;16,918.1
12/25/2022;16,831.8
12/24/2022;16,837.2
12/23/2022;16,779.1
12/22/2022;16,820.6
12/21/2022;16,831.8
12/20/2022;16,902.8
12/19/2022;16,441.3
12/18/2022;16,741.1
12/17/2022;16,777.1
12/16/2022;16,629.6
12/15/2022;17,356.1
12/14/2022;17,796.4
12/13/2022;17,778.6
12/12/2022;17,210.4
12/11/2022;17,093.3
12/10/2022;17,127.2
12/09/2022;17,125.7
12/08/2022;17,225.7
12/07/2022;16,835.2
12/06/2022;17,089.3
12/05/2022;16,966.5
12/04/2022;17,112.6
12/03/2022;16,884.5
12/02/2022;17,093.6
12/01/2022;16,972.0
11/30/2022;17,163.9
11/29/2022;16,440.4
11/28/2022;16,211.7
11/27/2022;16,425.6
11/26/2022;16,456.5
11/25/2022;16,512.3
11/24/2022;16,601.2
11/23/2022;16,623.9
11/22/2022;16,212.9
11/21/2022;15,776.2
11/20/2022;16,286.7
11/19/2022;16,699.2
11/18/2022;16,638.3
11/17/2022;16,691.2
11/16/2022;16,540.5
11/15/2022;16,895.1
11/14/2022;16,613.7
11/13/2022;16,324.5
11/12/2022;16,795.2
11/11/2022;17,049.9
11/10/2022;17,589.1
11/09/2022;15,886.9
11/08/2022;18,527.4
11/07/2022;20,589.0
11/06/2022;20,916.3
11/05/2022;21,301.6
11/04/2022;21,145.9
11/03/2022;20,206.4
11/02/2022;20,154.4
11/01/2022;20,483.5
10/31/2022;20,496.3
10/30/2022;20,626.3
10/29/2022;20,809.8
10/28/2022;20,594.4
10/27/2022;20,292.9
10/26/2022;20,769.5
10/25/2022;20,082.7
10/24/2022;19,331.5
10/23/2022;19,571.2
10/22/2022;19,204.8
10/21/2022;19,162.6
10/20/2022;19,042.9
10/19/2022;19,123.9
10/18/2022;19,328.2
10/17/2022;19,548.2
10/16/2022;19,261.9
10/15/2022;19,068.7
10/14/2022;19,181.8
10/13/2022;19,379.8
10/12/2022;19,154.8
10/11/2022;19,059.1
10/10/2022;19,134.6
10/09/2022;19,441.0
10/08/2022;19,415.0
10/07/2022;19,531.3
10/06/2022;19,956.7
10/05/2022;20,157.5
10/04/2022;20,340.2
10/03/2022;19,628.3
10/02/2022;19,052.2
10/01/2022;19,311.9
09/30/2022;19,423.0
09/29/2022;19,593.0
09/28/2022;19,411.0
09/27/2022;19,081.0
09/26/2022;19,225.7
09/25/2022;18,803.2
09/24/2022;18,925.2
09/23/2022;19,293.5
09/22/2022;19,404.0
09/21/2022;18,489.0
09/20/2022;18,872.4
09/19/2022;19,538.9
09/18/2022;19,418.8
09/17/2022;20,113.5
09/16/2022;19,802.4
09/15/2022;19,701.7
09/14/2022;20,222.5
09/13/2022;20,175.5
09/12/2022;22,395.3
09/11/2022;21,834.9
09/10/2022;21,650.4
09/09/2022;21,365.2
09/08/2022;19,317.4
09/07/2022;19,281.5
09/06/2022;18,786.4
09/05/2022;19,793.1
09/04/2022;19,999.9
09/03/2022;19,831.4
09/02/2022;19,952.7
09/01/2022;20,126.1
08/31/2022;20,043.9
08/30/2022;19,792.6
08/29/2022;20,295.8
08/28/2022;19,550.2
08/27/2022;20,033.9
08/26/2022;20,249.9
08/25/2022;21,565.4
08/24/2022;21,365.2
08/23/2022;21,517.2
08/22/2022;21,416.3
08/21/2022;21,517.2
08/20/2022;21,138.9
08/19/2022;20,831.3
08/18/2022;23,203.6
08/17/2022;23,338.0
08/16/2022;23,856.8
08/15/2022;24,101.7
08/14/2022;24,302.8
08/13/2022;24,442.5
08/12/2022;24,398.7
08/11/2022;23,935.3
08/10/2022;23,962.9
08/09/2022;23,146.7
08/08/2022;23,816.3
08/07/2022;23,175.3
08/06/2022;22,944.2
08/05/2022;23,308.2
08/04/2022;22,612.1
08/03/2022;22,820.8
08/02/2022;22,988.6
08/01/2022;23,271.2
07/31/2022;23,303.4
07/30/2022;23,634.2
07/29/2022;23,774.3
07/28/2022;23,850.0
07/27/2022;22,958.3
07/26/2022;21,248.7
07/25/2022;21,301.9
07/24/2022;22,582.1
07/23/2022;22,460.4
07/22/2022;22,675.2
07/21/2022;23,153.0
07/20/2022;23,215.2
07/19/2022;23,410.2
07/18/2022;22,525.8
07/17/2022;20,785.6
07/16/2022;21,209.9
07/15/2022;20,825.1
07/14/2022;20,586.0
07/13/2022;20,250.0
07/12/2022;19,330.9
07/11/2022;19,963.2
07/10/2022;20,847.4
07/09/2022;21,587.5
07/08/2022;21,611.2
07/07/2022;21,637.8
07/06/2022;20,561.1
07/05/2022;20,200.6
07/04/2022;20,215.8
07/03/2022;19,309.9
07/02/2022;19,243.2
07/01/2022;19,262.9
06/30/2022;19,926.6
06/29/2022;20,111.3
06/28/2022;20,278.0
06/27/2022;20,730.2
06/26/2022;21,043.5
06/25/2022;21,489.9
06/24/2022;21,226.9
06/23/2022;21,100.7
06/22/2022;19,965.8
06/21/2022;20,720.4
06/20/2022;20,572.3
06/19/2022;20,577.2
06/18/2022;18,986.5
06/17/2022;20,444.6
06/16/2022;20,386.6
06/15/2022;22,577.9
06/14/2022;22,157.3
06/13/2022;22,448.0
06/12/2022;26,606.3
06/11/2022;28,403.4
06/10/2022;29,083.3
06/09/2022;30,097.8
06/08/2022;30,201.6
06/07/2022;31,128.8
06/06/2022;31,367.6
06/05/2022;29,913.0
06/04/2022;29,864.3
06/03/2022;29,700.9
06/02/2022;30,455.5
06/01/2022;29,798.5
05/31/2022;31,793.4
05/30/2022;31,723.3
05/29/2022;29,465.2
05/28/2022;29,027.1
05/27/2022;28,601.2
05/26/2022;29,203.5
05/25/2022;29,540.6
05/24/2022;29,648.7
05/23/2022;29,093.3
05/22/2022;30,286.6
05/21/2022;29,434.6
05/20/2022;29,178.6
05/19/2022;30,305.9
05/18/2022;28,683.7
05/17/2022;30,437.5
05/16/2022;29,849.0
05/15/2022;31,308.7
05/14/2022;30,080.4
05/13/2022;29,284.4
05/12/2022;28,976.0
05/11/2022;29,068.2
05/10/2022;31,007.5
05/09/2022;30,095.0
05/08/2022;34,060.0
05/07/2022;35,468.0
05/06/2022;36,009.0
05/05/2022;36,544.0
05/04/2022;39,688.0
05/03/2022;37,718.0
05/02/2022;38,514.0
05/01/2022;38,461.0
04/30/2022;37,650.0
04/29/2022;38,581.0
04/28/2022;39,748.0
04/27/2022;39,243.0
04/26/2022;38,113.0
04/25/2022;40,427.0
04/24/2022;39,464.0
04/23/2022;39,418.0
04/22/2022;39,709.0
04/21/2022;40,482.0
04/20/2022;41,368.0
04/19/2022;41,503.0
04/18/2022;40,803.0
04/17/2022;39,703.0
04/16/2022;40,382.0
04/15/2022;40,560.0
04/14/2022;39,936.0
04/13/2022;41,133.0
04/12/2022;40,078.0
04/11/2022;39,497.0
04/10/2022;42,138.0
04/09/2022;42,767.0
04/08/2022;42,275.0
04/07/2022;43,448.0
04/06/2022;43,173.0
04/05/2022;45,506.0
04/04/2022;46,629.0
04/03/2022;46,407.0
04/02/2022;45,811.0
04/01/2022;46,297.0
03/31/2022;45,525.0
03/30/2022;47,075.0
03/29/2022;47,449.0
03/28/2022;47,105.0
03/27/2022;46,859.0
03/26/2022;44,548.0
03/25/2022;44,331.0
03/24/2022;44,013.0
03/23/2022;42,912.0
03/22/2022;42,373.0
03/21/2022;41,022.0
03/20/2022;41,276.0
03/19/2022;42,233.0
03/18/2022;41,767.8
03/17/2022;40,914.8
03/16/2022;41,118.7
03/15/2022;39,285.7
03/14/2022;39,671.1
03/13/2022;37,792.4
03/12/2022;38,814.3
03/11/2022;38,730.2
03/10/2022;39,416.3
03/09/2022;41,929.0
03/08/2022;38,744.8
03/07/2022;38,024.8
03/06/2022;38,403.1
03/05/2022;39,395.8
03/04/2022;39,142.7
03/03/2022;42,463.0
03/02/2022;43,912.8
03/01/2022;44,420.3
02/28/2022;43,188.2
02/27/2022;37,689.1
02/26/2022;39,115.5
02/25/2022;39,209.6
02/24/2022;38,339.2
02/23/2022;37,224.6
02/22/2022;38,248.2
02/21/2022;37,017.7
02/20/2022;38,355.0
02/19/2022;40,090.3
02/18/2022;40,000.1
02/17/2022;40,552.8
02/16/2022;43,883.6
02/15/2022;44,544.4
02/14/2022;42,550.3
02/13/2022;42,061.1
02/12/2022;42,205.2
02/11/2022;42,388.4
02/10/2022;43,521.0
02/09/2022;44,388.9
02/08/2022;44,038.2
02/07/2022;43,833.9
02/06/2022;42,392.2
02/05/2022;41,412.1
02/04/2022;41,567.6
02/03/2022;37,287.8
02/02/2022;36,890.2
02/01/2022;38,709.7
01/31/2022;38,498.6
01/30/2022;37,917.7
01/29/2022;38,170.8
01/28/2022;37,745.1
01/27/2022;37,164.3
01/26/2022;36,800.4
01/25/2022;36,950.6
01/24/2022;36,686.3
01/23/2022;36,269.5
01/22/2022;35,075.2
01/21/2022;36,475.5
01/20/2022;40,715.9
01/19/2022;41,677.8
01/18/2022;42,364.6
01/17/2022;42,209.3
01/16/2022;43,079.1
01/15/2022;43,097.0
01/14/2022;43,073.3
01/13/2022;42,560.0
01/12/2022;43,901.0
01/11/2022;42,733.2
01/10/2022;41,832.2
01/09/2022;41,848.3
01/08/2022;41,672.0
01/07/2022;41,546.7
01/06/2022;43,097.5
01/05/2022;43,425.9
01/04/2022;45,837.3
01/03/2022;46,430.2
01/02/2022;47,311.8
01/01/2022;47,738.0
12/31/2021;46,219.5
12/30/2021;47,123.3
12/29/2021;46,461.7
12/28/2021;47,545.2
12/27/2021;50,678.2
12/26/2021;50,779.9
12/25/2021;50,406.4
12/24/2021;50,786.1
12/23/2021;50,801.0
12/22/2021;48,599.7
12/21/2021;48,902.0
12/20/2021;46,895.2
12/19/2021;46,704.5
12/18/2021;46,856.2
12/17/2021;46,172.2
12/16/2021;47,628.2
12/15/2021;48,871.5
12/14/2021;48,366.5
12/13/2021;46,703.6
12/12/2021;50,081.0
12/11/2021;49,314.5
12/10/2021;47,137.2
12/09/2021;47,596.6
12/08/2021;50,473.9
12/07/2021;50,595.2
12/06/2021;50,562.1
12/05/2021;49,405.5
12/04/2021;49,195.2
12/03/2021;53,631.5
12/02/2021;56,496.0
12/01/2021;57,210.3
11/30/2021;56,882.9
11/29/2021;57,794.8
11/28/2021;57,291.5
11/27/2021;54,765.9
11/26/2021;53,730.9
11/25/2021;58,935.1
11/24/2021;57,171.7
11/23/2021;57,573.2
11/22/2021;56,308.8
11/21/2021;58,714.3
11/20/2021;59,717.6
11/19/2021;58,083.4
11/18/2021;56,955.3
11/17/2021;60,367.8
11/16/2021;60,089.1
11/15/2021;63,597.9
11/14/2021;65,508.2
11/13/2021;64,398.6
11/12/2021;64,134.5
11/11/2021;64,806.7
11/10/2021;64,932.6
11/09/2021;66,904.4
11/08/2021;67,527.9
11/07/2021;63,273.2
11/06/2021;61,483.9
11/05/2021;60,974.3
11/04/2021;61,412.6
11/03/2021;62,918.5
11/02/2021;63,221.7
11/01/2021;60,915.3
10/31/2021;61,309.6
10/30/2021;61,840.1
10/29/2021;62,242.8
10/28/2021;60,582.5
10/27/2021;58,438.1
10/26/2021;60,310.8
10/25/2021;63,067.0
10/24/2021;60,866.5
10/23/2021;61,312.5
10/22/2021;60,690.3
10/21/2021;62,210.2
10/20/2021;65,979.1
10/19/2021;64,278.5
10/18/2021;62,056.3
10/17/2021;61,527.5
10/16/2021;60,861.1
10/15/2021;61,672.5
10/14/2021;57,345.8
10/13/2021;57,380.1
10/12/2021;56,015.9
10/11/2021;57,477.3
10/10/2021;54,687.7
10/09/2021;54,942.5
10/08/2021;53,914.7
10/07/2021;53,783.9
10/06/2021;55,323.2
10/05/2021;51,469.3
10/04/2021;49,227.3
10/03/2021;48,200.1
10/02/2021;47,666.9
10/01/2021;48,146.0
09/30/2021;43,823.3
09/29/2021;41,536.8
09/28/2021;41,022.3
09/27/2021;42,172.6
09/26/2021;43,203.4
09/25/2021;42,686.8
09/24/2021;42,819.9
09/23/2021;44,869.2
09/22/2021;43,551.6
09/21/2021;40,651.3
09/20/2021;42,870.6
09/19/2021;47,238.7
09/18/2021;48,306.7
09/17/2021;47,282.8
09/16/2021;47,748.0
09/15/2021;48,130.6
09/14/2021;47,077.5
09/13/2021;44,949.5
09/12/2021;46,062.3
09/11/2021;45,161.9
09/10/2021;44,842.8
09/09/2021;46,385.6
09/08/2021;46,061.4
09/07/2021;46,779.6
09/06/2021;52,672.1
09/05/2021;51,768.6
09/04/2021;49,918.4
09/03/2021;49,999.0
09/02/2021;49,274.3
09/01/2021;48,819.4
08/31/2021;47,130.4
08/30/2021;46,992.7
08/29/2021;48,777.4
08/28/2021;48,897.1
08/27/2021;49,064.3
08/26/2021;46,831.6
08/25/2021;48,994.5
08/24/2021;47,714.7
08/23/2021;49,539.7
08/22/2021;49,254.5
08/21/2021;48,875.8
08/20/2021;49,324.0
08/19/2021;46,755.9
08/18/2021;44,723.8
08/17/2021;44,691.6
08/16/2021;45,996.3
08/15/2021;46,991.3
08/14/2021;47,081.5
08/13/2021;47,809.1
08/12/2021;44,403.4
08/11/2021;45,564.3
08/10/2021;45,593.8
08/09/2021;46,284.3
08/08/2021;43,792.8
08/07/2021;44,614.2
08/06/2021;42,795.4
08/05/2021;40,867.2
08/04/2021;39,736.9
08/03/2021;38,130.3
08/02/2021;39,168.4
08/01/2021;39,878.3
07/31/2021;41,553.7
07/30/2021;42,203.4
07/29/2021;40,001.4
07/28/2021;40,003.2
07/27/2021;39,452.0
07/26/2021;37,276.6
07/25/2021;35,391.1
07/24/2021;33,824.8
07/23/2021;33,603.3
07/22/2021;32,298.9
07/21/2021;32,131.4
07/20/2021;29,793.8
07/19/2021;30,837.2
07/18/2021;31,785.4
07/17/2021;31,518.6
07/16/2021;31,394.0
07/15/2021;31,840.5
07/14/2021;32,820.7
07/13/2021;32,728.1
07/12/2021;33,113.0
07/11/2021;34,227.7
07/10/2021;33,510.6
07/09/2021;33,797.4
07/08/2021;32,866.3
07/07/2021;33,867.8
07/06/2021;34,225.6
07/05/2021;33,687.8
07/04/2021;35,298.2
07/03/2021;34,742.8
07/02/2021;33,813.4
07/01/2021;33,543.6
06/30/2021;35,026.9
06/29/2021;35,834.7
06/28/2021;34,475.9
06/27/2021;34,678.5
06/26/2021;32,243.4
06/25/2021;31,594.0
06/24/2021;34,665.8
06/23/2021;33,674.3
06/22/2021;32,496.4
06/21/2021;31,692.0
06/20/2021;35,595.8
06/19/2021;35,513.4
06/18/2021;35,749.4
06/17/2021;38,052.0
06/16/2021;38,336.0
06/15/2021;40,156.1
06/14/2021;40,529.4
06/13/2021;39,022.9
06/12/2021;35,467.5
06/11/2021;37,314.6
06/10/2021;36,649.4
06/09/2021;37,332.2
06/08/2021;33,382.9
06/07/2021;33,578.0
06/06/2021;35,815.4
06/05/2021;35,520.0
06/04/2021;36,851.3
06/03/2021;39,187.3
06/02/2021;37,555.8
06/01/2021;36,687.6
05/31/2021;37,298.6
05/30/2021;35,652.8
05/29/2021;34,584.6
05/28/2021;35,662.5
05/27/2021;38,417.3
05/26/2021;39,249.2
05/25/2021;38,378.3
05/24/2021;38,750.6
05/23/2021;34,679.7
05/22/2021;37,448.3
05/21/2021;37,297.4
05/20/2021;40,717.2
05/19/2021;36,720.5
05/18/2021;42,897.3
05/17/2021;43,541.3
05/16/2021;46,426.4
05/15/2021;46,708.8
05/14/2021;49,839.8
05/13/2021;49,704.6
05/12/2021;49,384.2
05/11/2021;56,695.7
05/10/2021;55,848.9
05/09/2021;58,238.3
05/08/2021;58,840.1
05/07/2021;57,337.2
05/06/2021;56,405.4
05/05/2021;57,441.3
05/04/2021;53,741.5
05/03/2021;57,169.8
05/02/2021;56,603.8
05/01/2021;57,807.1
04/30/2021;57,720.3
04/29/2021;53,560.8
04/28/2021;54,841.4
04/27/2021;55,036.5
04/26/2021;54,020.5
04/25/2021;48,963.6
04/24/2021;50,088.9
04/23/2021;51,143.6
04/22/2021;51,729.5
04/21/2021;53,820.2
04/20/2021;56,483.2
04/19/2021;55,646.1
04/18/2021;56,207.1
04/17/2021;60,041.9
04/16/2021;61,379.7
04/15/2021;63,216.0
04/14/2021;62,980.4
04/13/2021;63,540.9
04/12/2021;59,863.8
04/11/2021;59,978.7
04/10/2021;59,748.4
04/09/2021;58,118.7
04/08/2021;58,077.4
04/07/2021;55,948.7
04/06/2021;57,996.3
04/05/2021;58,993.4
04/04/2021;58,199.9
04/03/2021;57,059.9
04/02/2021;58,977.3
04/01/2021;58,718.3
03/31/2021;58,763.7
03/30/2021;58,771.3
03/29/2021;57,616.2
03/28/2021;55,765.2
03/27/2021;55,862.9
03/26/2021;55,036.1
03/25/2021;51,322.3
03/24/2021;52,325.4
03/23/2021;54,452.5
03/22/2021;54,158.3
03/21/2021;57,383.8
03/20/2021;58,093.4
03/19/2021;58,088.0
03/18/2021;57,656.0
03/17/2021;58,913.5
03/16/2021;56,889.7
03/15/2021;55,791.3
03/14/2021;59,113.7
03/13/2021;61,195.3
03/12/2021;57,265.1
03/11/2021;57,799.5
03/10/2021;55,851.9
03/09/2021;54,879.0
03/08/2021;52,311.0
03/07/2021;50,982.3
03/06/2021;48,855.6
03/05/2021;48,792.5
03/04/2021;48,428.0
03/03/2021;50,395.1
03/02/2021;48,424.2
03/01/2021;49,595.5
02/28/2021;45,164.0
02/27/2021;46,136.7
02/26/2021;46,345.6
02/25/2021;46,928.5
02/24/2021;49,697.5
02/23/2021;48,911.2
02/22/2021;54,111.8
02/21/2021;57,433.8
02/20/2021;55,923.7
02/19/2021;55,906.6
02/18/2021;51,582.2
02/17/2021;52,079.2
02/16/2021;49,169.7
02/15/2021;47,936.3
02/14/2021;48,643.4
02/13/2021;47,168.7
02/12/2021;47,371.7
02/11/2021;47,990.7
02/10/2021;44,836.0
02/09/2021;46,508.6
02/08/2021;46,395.7
02/07/2021;38,852.9
02/06/2021;39,256.6
02/05/2021;38,297.6
02/04/2021;36,982.1
02/03/2021;37,646.8
02/02/2021;35,485.2
02/01/2021;33,515.7
01/31/2021;33,108.1
01/30/2021;34,283.1
01/29/2021;34,301.8
01/28/2021;33,374.8
01/27/2021;30,404.0
01/26/2021;32,502.1
01/25/2021;32,252.3
01/24/2021;32,241.3
01/23/2021;32,088.9
01/22/2021;33,000.5
01/21/2021;30,842.1
01/20/2021;35,476.3
01/19/2021;36,002.9
01/18/2021;36,613.2
01/17/2021;35,839.6
01/16/2021;36,019.5
01/15/2021;36,845.8
01/14/2021;39,175.7
01/13/2021;37,382.2
01/12/2021;34,076.1
01/11/2021;35,544.3
01/10/2021;38,192.2
01/09/2021;40,151.9
01/08/2021;40,599.3
01/07/2021;39,460.2
01/06/2021;36,793.2
01/05/2021;33,991.5
01/04/2021;32,022.6
01/03/2021;32,958.9
01/02/2021;32,193.3
01/01/2021;29,359.9
12/31/2020;28,949.4
12/30/2020;28,868.7
12/29/2020;27,376.0
12/28/2020;27,057.8
12/27/2020;26,261.3
12/26/2020;26,454.4
12/25/2020;24,689.6
12/24/2020;23,736.5
12/23/2020;23,257.9
12/22/2020;23,823.2
12/21/2020;22,728.5
12/20/2020;23,474.9
12/19/2020;23,844.0
12/18/2020;23,127.9
12/17/2020;22,825.4
12/16/2020;21,352.2
12/15/2020;19,434.9
12/14/2020;19,273.8
12/13/2020;19,176.8
12/12/2020;18,808.9
12/11/2020;18,023.6
12/10/2020;18,247.2
12/09/2020;18,546.0
12/08/2020;18,326.6
12/07/2020;19,170.7
12/06/2020;19,379.9
12/05/2020;19,146.5
12/04/2020;18,658.1
12/03/2020;19,433.3
12/02/2020;19,218.8
12/01/2020;18,770.7
11/30/2020;19,698.1
11/29/2020;18,185.5
11/28/2020;17,730.7
11/27/2020;17,127.1
11/26/2020;17,162.0
11/25/2020;18,723.0
11/24/2020;19,152.6
11/23/2020;18,379.6
11/22/2020;18,412.9
11/21/2020;18,687.2
11/20/2020;18,675.2
11/19/2020;17,803.5
11/18/2020;17,774.6
11/17/2020;17,662.3
11/16/2020;16,715.8
11/15/2020;15,953.0
11/14/2020;16,071.0
11/13/2020;16,324.2
11/12/2020;16,294.7
11/11/2020;15,695.8
11/10/2020;15,303.6
11/09/2020;15,327.2
11/08/2020;15,483.7
11/07/2020;14,828.4
11/06/2020;15,577.9
11/05/2020;15,587.1
11/04/2020;14,145.6
11/03/2020;14,019.9
11/02/2020;13,561.4
11/01/2020;13,759.4
10/31/2020;13,797.3
10/30/2020;13,559.9
10/29/2020;13,457.2
10/28/2020;13,278.9
10/27/2020;13,657.8
10/26/2020;13,061.6
10/25/2020;13,032.2
10/24/2020;13,117.2
10/23/2020;12,934.1
10/22/2020;12,974.6
10/21/2020;12,808.7
10/20/2020;11,913.5
10/19/2020;11,753.4
10/18/2020;11,506.9
10/17/2020;11,362.1
10/16/2020;11,322.0
10/15/2020;11,503.0
10/14/2020;11,420.4
10/13/2020;11,423.8
10/12/2020;11,533.9
10/11/2020;11,371.0
10/10/2020;11,298.4
10/09/2020;11,054.2
10/08/2020;10,924.1
10/07/2020;10,670.9
10/06/2020;10,602.6
10/05/2020;10,789.5
10/04/2020;10,672.9
10/03/2020;10,544.2
10/02/2020;10,572.3
10/01/2020;10,620.5
09/30/2020;10,776.1
09/29/2020;10,840.9
09/28/2020;10,693.2
09/27/2020;10,776.2
09/26/2020;10,727.9
09/25/2020;10,688.8
09/24/2020;10,739.4
09/23/2020;10,237.3
09/22/2020;10,531.5
09/21/2020;10,416.8
09/20/2020;10,921.5
09/19/2020;11,081.8
09/18/2020;10,933.0
09/17/2020;10,941.3
09/16/2020;10,949.5
09/15/2020;10,785.3
09/14/2020;10,675.3
09/13/2020;10,326.0
09/12/2020;10,441.9
09/11/2020;10,390.2
09/10/2020;10,339.7
09/09/2020;10,224.6
09/08/2020;10,126.6
09/07/2020;10,376.9
09/06/2020;10,296.4
09/05/2020;10,092.2
09/04/2020;10,472.5
09/03/2020;10,168.8
09/02/2020;11,413.3
09/01/2020;11,914.9
08/31/2020;11,644.2
08/30/2020;11,702.0
08/29/2020;11,468.1
08/28/2020;11,527.4
08/27/2020;11,327.4
08/26/2020;11,462.3
08/25/2020;11,324.8
08/24/2020;11,753.5
08/23/2020;11,641.6
08/22/2020;11,661.3
08/21/2020;11,529.2
08/20/2020;11,856.9
08/19/2020;11,750.2
08/18/2020;11,947.6
08/17/2020;12,282.6
08/16/2020;11,899.0
08/15/2020;11,845.3
08/14/2020;11,750.8
08/13/2020;11,770.9
08/12/2020;11,557.2
08/11/2020;11,390.4
08/10/2020;11,889.2
08/09/2020;11,681.2
08/08/2020;11,764.3
08/07/2020;11,592.0
08/06/2020;11,757.1
08/05/2020;11,735.1
08/04/2020;11,184.7
08/03/2020;11,224.4
08/02/2020;11,066.8
08/01/2020;11,803.1
07/31/2020;11,333.4
07/30/2020;11,096.2
07/29/2020;11,105.9
07/28/2020;10,908.5
07/27/2020;11,022.8
07/26/2020;9,932.5
07/25/2020;9,704.1
07/24/2020;9,546.4
07/23/2020;9,599.6
07/22/2020;9,513.7
07/21/2020;9,387.3
07/20/2020;9,162.4
07/19/2020;9,208.0
07/18/2020;9,170.2
07/17/2020;9,155.8
07/16/2020;9,135.3
07/15/2020;9,198.7
07/14/2020;9,253.4
07/13/2020;9,243.6
07/12/2020;9,300.8
07/11/2020;9,233.3
07/10/2020;9,285.1
07/09/2020;9,235.7
07/08/2020;9,429.9
07/07/2020;9,256.0
07/06/2020;9,339.0
07/05/2020;9,081.0
07/04/2020;9,134.4
07/03/2020;9,067.1
07/02/2020;9,085.1
07/01/2020;9,229.9
06/30/2020;9,135.4
06/29/2020;9,185.4
06/28/2020;9,124.0
06/27/2020;9,008.3
06/26/2020;9,160.0
06/25/2020;9,247.5
06/24/2020;9,302.0
06/23/2020;9,624.6
06/22/2020;9,683.7
06/21/2020;9,296.4
06/20/2020;9,358.8
06/19/2020;9,314.0
06/18/2020;9,388.1
06/17/2020;9,464.6
06/16/2020;9,523.5
06/15/2020;9,425.4
06/14/2020;9,345.3
06/13/2020;9,471.3
06/12/2020;9,466.6
06/11/2020;9,283.2
06/10/2020;9,878.8
06/09/2020;9,768.8
06/08/2020;9,777.9
06/07/2020;9,742.6
06/06/2020;9,669.6
06/05/2020;9,631.2
06/04/2020;9,794.4
06/03/2020;9,667.2
06/02/2020;9,527.6
06/01/2020;10,189.3
05/31/2020;9,454.8
05/30/2020;9,692.5
05/29/2020;9,424.8
05/28/2020;9,572.2
05/27/2020;9,199.1
05/26/2020;8,842.5
05/25/2020;8,898.2
05/24/2020;8,728.2
05/23/2020;9,177.0
05/22/2020;9,169.7
05/21/2020;9,059.0
05/20/2020;9,512.3
05/19/2020;9,773.3
05/18/2020;9,730.7
05/17/2020;9,677.7
05/16/2020;9,379.5
05/15/2020;9,318.0
05/14/2020;9,778.4
05/13/2020;9,298.7
05/12/2020;8,813.8
05/11/2020;8,579.8
05/10/2020;8,738.8
05/09/2020;9,554.6
05/08/2020;9,806.2
05/07/2020;9,979.8
05/06/2020;9,151.4
05/05/2020;9,001.0
05/04/2020;8,874.7
05/03/2020;8,885.5
05/02/2020;8,966.3
05/01/2020;8,821.6
04/30/2020;8,629.0
04/29/2020;8,770.9
04/28/2020;7,746.9
04/27/2020;7,766.0
04/26/2020;7,678.9
04/25/2020;7,540.4
04/24/2020;7,503.8
04/23/2020;7,488.5
04/22/2020;7,112.9
04/21/2020;6,842.5
04/20/2020;6,833.5
04/19/2020;7,122.9
04/18/2020;7,230.8
04/17/2020;7,035.8
04/16/2020;7,085.6
04/15/2020;6,629.1
04/14/2020;6,850.9
04/13/2020;6,841.3
04/12/2020;6,917.6
04/11/2020;6,867.8
04/10/2020;6,863.1
04/09/2020;7,289.0
04/08/2020;7,361.2
04/07/2020;7,185.2
04/06/2020;7,332.3
04/05/2020;6,772.7
04/04/2020;6,857.4
04/03/2020;6,735.9
04/02/2020;6,800.5
04/01/2020;6,638.5
03/31/2020;6,412.5
03/30/2020;6,391.0
03/29/2020;5,890.4
03/28/2020;6,233.7
03/27/2020;6,373.4
03/26/2020;6,725.1
03/25/2020;6,678.9
03/24/2020;6,744.6
03/23/2020;6,468.9
03/22/2020;5,822.1
03/21/2020;6,186.2
03/20/2020;6,205.3
03/19/2020;6,172.0
03/18/2020;5,361.4
03/17/2020;5,261.1
03/16/2020;5,030.0
03/15/2020;5,366.3
03/14/2020;5,182.7
03/13/2020;5,584.3
03/12/2020;4,826.0
03/11/2020;7,935.1
03/10/2020;7,891.2
03/09/2020;7,933.0
03/08/2020;8,034.1
03/07/2020;8,887.8
03/06/2020;9,134.8
03/05/2020;9,060.3
03/04/2020;8,757.9
03/03/2020;8,761.4
03/02/2020;8,904.8
03/01/2020;8,540.0
02/29/2020;8,543.7
02/28/2020;8,697.5
02/27/2020;8,818.6
02/26/2020;8,800.3
02/25/2020;9,317.2
02/24/2020;9,662.7
02/23/2020;9,942.7
02/22/2020;9,655.7
02/21/2020;9,684.5
02/20/2020;9,602.4
02/19/2020;9,609.4
02/18/2020;10,158.4
02/17/2020;9,701.4
02/16/2020;9,932.3
02/15/2020;9,907.7
02/14/2020;10,333.0
02/13/2020;10,235.1
02/12/2020;10,317.7
02/11/2020;10,229.5
02/10/2020;9,854.1
02/09/2020;10,151.5
02/08/2020;9,895.5
02/07/2020;9,818.6
02/06/2020;9,772.0
02/05/2020;9,611.8
02/04/2020;9,193.9
02/03/2020;9,296.6
02/02/2020;9,334.9
02/01/2020;9,381.6
01/31/2020;9,349.1
01/30/2020;9,507.3
01/29/2020;9,298.9
01/28/2020;9,377.3
01/27/2020;8,866.6
01/26/2020;8,607.8
01/25/2020;8,341.6
01/24/2020;8,439.9
01/23/2020;8,405.1
01/22/2020;8,678.5
01/21/2020;8,732.6
01/20/2020;8,641.9
01/19/2020;8,706.2
01/18/2020;8,916.3
01/17/2020;8,913.1
01/16/2020;8,726.9
01/15/2020;8,818.3
01/14/2020;8,829.2
01/13/2020;8,111.4
01/12/2020;8,187.6
01/11/2020;8,024.1
01/10/2020;8,187.1
01/09/2020;7,842.4
01/08/2020;8,059.6
01/07/2020;8,155.7
01/06/2020;7,759.1
01/05/2020;7,372.5
01/04/2020;7,376.8
01/03/2020;7,343.1
01/02/2020;6,967.0
01/01/2020;7,199.8
12/31/2019;7,196.4
12/30/2019;7,261.8
12/29/2019;7,397.5
12/28/2019;7,321.5
12/27/2019;7,261.7
12/26/2019;7,210.9
12/25/2019;7,224.8
12/24/2019;7,268.3
12/23/2019;7,322.8
12/22/2019;7,495.8
12/21/2019;7,156.2
12/20/2019;7,196.4
12/19/2019;7,165.5
12/18/2019;7,276.0
12/17/2019;6,613.3
12/16/2019;6,903.5
12/15/2019;7,128.5
12/14/2019;7,080.8
12/13/2019;7,255.2
12/12/2019;7,208.0
12/11/2019;7,208.0
12/10/2019;7,235.7
12/09/2019;7,355.8
12/08/2019;7,524.4
12/07/2019;7,510.9
12/06/2019;7,530.8
12/05/2019;7,399.2
12/04/2019;7,204.4
12/03/2019;7,291.8
12/02/2019;7,298.2
12/01/2019;7,396.4
11/30/2019;7,546.6
11/29/2019;7,742.7
11/28/2019;7,426.7
11/27/2019;7,510.6
11/26/2019;7,162.8
11/25/2019;7,115.6
11/24/2019;6,924.7
11/23/2019;7,324.1
11/22/2019;7,272.5
11/21/2019;7,627.9
11/20/2019;8,099.3
11/19/2019;8,145.7
11/18/2019;8,208.4
11/17/2019;8,509.8
11/16/2019;8,497.3
11/15/2019;8,476.3
11/14/2019;8,661.2
11/13/2019;8,783.1
11/12/2019;8,812.6
11/11/2019;8,736.9
11/10/2019;9,036.8
11/09/2019;8,804.5
11/08/2019;8,778.2
11/07/2019;9,223.5
11/06/2019;9,338.9
11/05/2019;9,310.8
11/04/2019;9,396.4
11/03/2019;9,198.3
11/02/2019;9,300.6
11/01/2019;9,230.1
10/31/2019;9,152.6
10/30/2019;9,157.9
10/29/2019;9,411.3
10/28/2019;9,207.2
10/27/2019;9,529.6
10/26/2019;9,230.6
10/25/2019;8,658.3
10/24/2019;7,422.7
10/23/2019;7,477.0
10/22/2019;8,031.4
10/21/2019;8,208.2
10/20/2019;8,223.4
10/19/2019;7,957.3
10/18/2019;7,948.5
10/17/2019;8,073.3
10/16/2019;8,000.4
10/15/2019;8,167.2
10/14/2019;8,353.3
10/13/2019;8,281.5
10/12/2019;8,304.4
10/11/2019;8,267.8
10/10/2019;8,562.3
10/09/2019;8,566.7
10/08/2019;8,182.9
10/07/2019;8,198.6
10/06/2019;7,881.9
10/05/2019;8,127.3
10/04/2019;8,148.1
10/03/2019;8,226.9
10/02/2019;8,364.1
10/01/2019;8,302.7
09/30/2019;8,284.3
09/29/2019;8,049.1
09/28/2019;8,208.5
09/27/2019;8,184.9
09/26/2019;8,063.8
09/25/2019;8,432.4
09/24/2019;8,513.9
09/23/2019;9,702.2
09/22/2019;10,031.6
09/21/2019;9,993.0
09/20/2019;10,172.7
09/19/2019;10,250.5
09/18/2019;10,164.7
09/17/2019;10,195.7
09/16/2019;10,255.5
09/15/2019;10,311.5
09/14/2019;10,337.3
09/13/2019;10,342.1
09/12/2019;10,415.1
09/11/2019;10,162.5
09/10/2019;10,105.4
09/09/2019;10,309.0
09/08/2019;10,402.8
09/07/2019;10,461.1
09/06/2019;10,309.3
09/05/2019;10,566.9
09/04/2019;10,568.2
09/03/2019;10,612.3
09/02/2019;10,348.8
09/01/2019;9,729.3
08/31/2019;9,594.4
08/30/2019;9,585.4
08/29/2019;9,491.0
08/28/2019;9,729.4
08/27/2019;10,184.8
08/26/2019;10,371.8
08/25/2019;10,136.3
08/24/2019;10,131.0
08/23/2019;10,388.7
08/22/2019;10,105.0
08/21/2019;10,141.5
08/20/2019;10,752.6
08/19/2019;10,910.7
08/18/2019;10,312.7
08/17/2019;10,218.1
08/16/2019;10,335.6
08/15/2019;10,303.4
08/14/2019;10,049.4
08/13/2019;10,892.9
08/12/2019;11,394.2
08/11/2019;11,517.2
08/10/2019;11,314.5
08/09/2019;12,089.8
08/08/2019;12,191.6
08/07/2019;12,013.9
08/06/2019;11,480.9
08/05/2019;11,816.8
08/04/2019;10,934.6
08/03/2019;10,815.7
08/02/2019;10,520.1
08/01/2019;10,380.0
07/31/2019;10,082.0
07/30/2019;9,580.7
07/29/2019;9,580.9
07/28/2019;9,727.8
07/27/2019;9,492.1
07/26/2019;9,831.0
07/25/2019;9,945.3
07/24/2019;9,804.3
07/23/2019;9,888.7
07/22/2019;10,412.5
07/21/2019;10,714.4
07/20/2019;10,826.7
07/19/2019;10,571.5
07/18/2019;10,651.4
07/17/2019;9,723.2
07/16/2019;9,424.8
07/15/2019;10,845.9
07/14/2019;10,200.1
07/13/2019;11,364.9
07/12/2019;11,762.1
07/11/2019;11,342.3
07/10/2019;12,110.6
07/09/2019;12,541.5
07/08/2019;12,252.6
07/07/2019;11,415.9
07/06/2019;11,268.0
07/05/2019;10,970.2
07/04/2019;11,163.1
07/03/2019;11,900.8
07/02/2019;10,835.9
07/01/2019;10,616.6
06/30/2019;10,818.6
06/29/2019;11,906.5
06/28/2019;12,409.1
06/27/2019;11,287.8
06/26/2019;13,063.8
06/25/2019;11,809.9
06/24/2019;11,046.4
06/23/2019;10,897.1
06/22/2019;10,721.7
06/21/2019;10,179.3
06/20/2019;9,517.0
06/19/2019;9,255.4
06/18/2019;9,080.6
06/17/2019;9,318.8
06/16/2019;8,962.5
06/15/2019;8,812.5
06/14/2019;8,656.1
06/13/2019;8,219.0
06/12/2019;8,133.1
06/11/2019;7,888.0
06/10/2019;7,987.8
06/09/2019;7,635.0
06/08/2019;7,901.4
06/07/2019;7,985.2
06/06/2019;7,784.9
06/05/2019;7,779.1
06/04/2019;7,685.5
06/03/2019;8,124.8
06/02/2019;8,728.6
06/01/2019;8,545.7
05/31/2019;8,558.3
05/30/2019;8,271.9
05/29/2019;8,647.8
05/28/2019;8,716.3
05/27/2019;8,760.1
05/26/2019;8,630.2
05/25/2019;8,027.4
05/24/2019;7,970.1
05/23/2019;7,852.1
05/22/2019;7,635.7
05/21/2019;7,930.3
05/20/2019;7,965.3
05/19/2019;8,157.2
05/18/2019;7,262.6
05/17/2019;7,359.5
05/16/2019;7,871.8
05/15/2019;8,164.6
05/14/2019;7,994.6
05/13/2019;7,806.0
05/12/2019;6,984.8
05/11/2019;7,190.3
05/10/2019;6,386.0
05/09/2019;6,191.5
05/08/2019;5,990.3
05/07/2019;5,849.5
05/06/2019;5,745.1
05/05/2019;5,774.9
05/04/2019;5,830.9
05/03/2019;5,766.8
05/02/2019;5,493.8
05/01/2019;5,384.2
04/30/2019;5,320.8
04/29/2019;5,235.0
04/28/2019;5,302.3
04/27/2019;5,265.9
04/26/2019;5,298.3
04/25/2019;5,209.1
04/24/2019;5,415.6
04/23/2019;5,511.6
04/22/2019;5,346.7
04/21/2019;5,243.5
04/20/2019;5,290.2
04/19/2019;5,241.0
04/18/2019;5,264.7
04/17/2019;5,208.3
04/16/2019;5,180.9
04/15/2019;5,032.3
04/14/2019;5,134.8
04/13/2019;5,051.8
04/12/2019;5,054.2
04/11/2019;5,022.6
04/10/2019;5,307.8
04/09/2019;5,158.4
04/08/2019;5,245.2
04/07/2019;5,173.6
04/06/2019;5,046.2
04/05/2019;5,010.2
04/04/2019;4,902.4
04/03/2019;4,968.7
04/02/2019;4,859.3
04/01/2019;4,145.1
03/31/2019;4,102.3
03/30/2019;4,111.8
03/29/2019;4,102.2
03/28/2019;4,025.6
03/27/2019;4,041.7
03/26/2019;3,942.8
03/25/2019;3,937.0
03/24/2019;3,994.7
03/23/2019;4,002.5
03/22/2019;3,990.4
03/21/2019;3,982.2
03/20/2019;4,041.2
03/19/2019;4,017.0
03/18/2019;3,990.2
03/17/2019;3,981.5
03/16/2019;4,006.4
03/15/2019;3,924.3
03/14/2019;3,879.0
03/13/2019;3,865.1
03/12/2019;3,886.0
03/11/2019;3,870.3
03/10/2019;3,915.2
03/09/2019;3,944.3
03/08/2019;3,865.9
03/07/2019;3,875.1
03/06/2019;3,863.0
03/05/2019;3,857.2
03/04/2019;3,715.9
03/03/2019;3,809.5
03/02/2019;3,823.1
03/01/2019;3,821.9
02/28/2019;3,816.6
02/27/2019;3,814.6
02/26/2019;3,810.3
02/25/2019;3,833.7
02/24/2019;3,755.2
02/23/2019;4,120.4
02/22/2019;3,965.2
02/21/2019;3,936.6
02/20/2019;3,972.4
02/19/2019;3,914.3
02/18/2019;3,896.0
02/17/2019;3,664.2
02/16/2019;3,616.8
02/15/2019;3,604.7
02/14/2019;3,592.6
02/13/2019;3,611.5
02/12/2019;3,632.0
02/11/2019;3,631.8
02/10/2019;3,679.0
02/09/2019;3,661.4
02/08/2019;3,661.7
02/07/2019;3,397.7
02/06/2019;3,404.3
02/05/2019;3,468.4
02/04/2019;3,462.8
02/03/2019;3,459.1
02/02/2019;3,502.5
02/01/2019;3,467.9
01/31/2019;3,437.2
01/30/2019;3,460.0
01/29/2019;3,414.8
01/28/2019;3,442.8
01/27/2019;3,555.6
01/26/2019;3,570.9
01/25/2019;3,572.0
01/24/2019;3,574.3
01/23/2019;3,561.5
01/22/2019;3,580.1
01/21/2019;3,536.7
01/20/2019;3,542.3
01/19/2019;3,677.8
01/18/2019;3,605.6
01/17/2019;3,626.4
01/16/2019;3,588.0
01/15/2019;3,571.3
01/14/2019;3,638.1
01/13/2019;3,490.2
01/12/2019;3,597.2
01/11/2019;3,616.5
01/10/2019;3,603.7
01/09/2019;3,978.0
01/08/2019;3,971.0
01/07/2019;3,985.9
01/06/2019;4,004.1
01/05/2019;3,785.4
01/04/2019;3,802.7
01/03/2019;3,780.1
01/02/2019;3,873.8
01/01/2019;3,809.4
12/31/2018;3,709.4
12/30/2018;3,815.0
12/29/2018;3,706.8
12/28/2018;3,861.6
12/27/2018;3,586.9
12/26/2018;3,793.7
12/25/2018;3,762.5
12/24/2018;4,026.1
12/23/2018;3,944.4
12/22/2018;3,964.4
12/21/2018;3,850.9
12/20/2018;4,076.0
12/19/2018;3,687.1
12/18/2018;3,668.0
12/17/2018;3,526.1
12/16/2018;3,247.9
12/15/2018;3,228.7
12/14/2018;3,247.8
12/13/2018;3,315.3
12/12/2018;3,466.1
12/11/2018;3,407.7
12/10/2018;3,460.5
12/09/2018;3,567.5
12/08/2018;3,430.4
12/07/2018;3,422.2
12/06/2018;3,508.6
12/05/2018;3,771.6
12/04/2018;3,958.5
12/03/2018;3,897.8
12/02/2018;4,160.4
12/01/2018;4,196.2
11/30/2018;4,039.7
11/29/2018;4,296.5
11/28/2018;4,265.4
11/27/2018;3,866.5
11/26/2018;3,837.0
11/25/2018;4,062.2
11/24/2018;3,920.4
11/23/2018;4,398.0
11/22/2018;4,356.0
11/21/2018;4,638.7
11/20/2018;4,524.6
11/19/2018;4,883.8
11/18/2018;5,658.3
11/17/2018;5,621.8
11/16/2018;5,636.2
11/15/2018;5,718.9
11/14/2018;5,842.4
11/13/2018;6,429.2
11/12/2018;6,435.0
11/11/2018;6,446.1
11/10/2018;6,427.1
11/09/2018;6,412.0
11/08/2018;6,474.0
11/07/2018;6,565.3
11/06/2018;6,502.8
11/05/2018;6,459.7
11/04/2018;6,478.2
11/03/2018;6,386.2
11/02/2018;6,424.7
11/01/2018;6,400.5
10/31/2018;6,365.9
10/30/2018;6,325.7
10/29/2018;6,335.0
10/28/2018;6,486.1
10/27/2018;6,494.2
10/26/2018;6,510.0
10/25/2018;6,507.0
10/24/2018;6,530.7
10/23/2018;6,528.7
10/22/2018;6,555.8
10/21/2018;6,583.0
10/20/2018;6,572.2
10/19/2018;6,512.0
10/18/2018;6,574.1
10/17/2018;6,686.6
10/16/2018;6,705.3
10/15/2018;6,699.8
10/14/2018;6,326.8
10/13/2018;6,321.7
10/12/2018;6,291.3
10/11/2018;6,239.1
10/10/2018;6,618.0
10/09/2018;6,650.8
10/08/2018;6,669.6
10/07/2018;6,611.0
10/06/2018;6,596.3
10/05/2018;6,639.1
10/04/2018;6,584.2
10/03/2018;6,507.8
10/02/2018;6,549.9
10/01/2018;6,608.2
09/30/2018;6,635.2
09/29/2018;6,603.9
09/28/2018;6,636.0
09/27/2018;6,689.2
09/26/2018;6,468.1
09/25/2018;6,445.1
09/24/2018;6,584.1
09/23/2018;6,704.1
09/22/2018;6,729.6
09/21/2018;6,766.7
09/20/2018;6,489.2
09/19/2018;6,390.4
09/18/2018;6,342.0
09/17/2018;6,251.9
09/16/2018;6,500.2
09/15/2018;6,519.0
09/14/2018;6,483.7
09/13/2018;6,482.9
09/12/2018;6,338.0
09/11/2018;6,293.9
09/10/2018;6,321.0
09/09/2018;6,238.5
09/08/2018;6,184.3
09/07/2018;6,390.9
09/06/2018;6,514.0
09/05/2018;6,706.8
09/04/2018;7,377.5
09/03/2018;7,264.2
09/02/2018;7,293.9
09/01/2018;7,189.6
08/31/2018;7,033.8
08/30/2018;6,993.7
08/29/2018;7,029.1
08/28/2018;7,074.6
08/27/2018;6,897.6
08/26/2018;6,712.7
08/25/2018;6,734.8
08/24/2018;6,680.4
08/23/2018;6,521.2
08/22/2018;6,359.6
08/21/2018;6,482.2
08/20/2018;6,268.1
08/19/2018;6,481.5
08/18/2018;6,379.1
08/17/2018;6,581.7
08/16/2018;6,306.7
08/15/2018;6,256.9
08/14/2018;6,190.2
08/13/2018;6,255.3
08/12/2018;6,313.0
08/11/2018;6,231.6
08/10/2018;6,152.3
08/09/2018;6,538.8
08/08/2018;6,283.6
08/07/2018;6,724.9
08/06/2018;6,943.6
08/05/2018;7,027.1
08/04/2018;7,014.3
08/03/2018;7,419.0
08/02/2018;7,535.6
08/01/2018;7,606.4
07/31/2018;7,729.4
07/30/2018;8,177.1
07/29/2018;8,215.6
07/28/2018;8,234.1
07/27/2018;8,187.4
07/26/2018;7,937.0
07/25/2018;8,173.7
07/24/2018;8,407.0
07/23/2018;7,723.0
07/22/2018;7,412.3
07/21/2018;7,408.7
07/20/2018;7,339.4
07/19/2018;7,477.5
07/18/2018;7,383.6
07/17/2018;7,322.0
07/16/2018;6,729.9
07/15/2018;6,362.9
07/14/2018;6,254.8
07/13/2018;6,230.2
07/12/2018;6,250.6
07/11/2018;6,389.1
07/10/2018;6,307.2
07/09/2018;6,667.1
07/08/2018;6,714.8
07/07/2018;6,765.5
07/06/2018;6,617.7
07/05/2018;6,546.5
07/04/2018;6,598.4
07/03/2018;6,513.5
07/02/2018;6,619.5
07/01/2018;6,366.8
06/30/2018;6,398.9
06/29/2018;6,213.3
06/28/2018;5,883.5
06/27/2018;6,154.9
06/26/2018;6,082.1
06/25/2018;6,256.6
06/24/2018;6,154.6
06/23/2018;6,167.3
06/22/2018;6,055.7
06/21/2018;6,728.0
06/20/2018;6,765.4
06/19/2018;6,752.4
06/18/2018;6,719.8
06/17/2018;6,460.3
06/16/2018;6,505.8
06/15/2018;6,410.3
06/14/2018;6,647.1
06/13/2018;6,312.3
06/12/2018;6,558.2
06/11/2018;6,885.9
06/10/2018;6,775.1
06/09/2018;7,515.8
06/08/2018;7,622.1
06/07/2018;7,697.8
06/06/2018;7,661.0
06/05/2018;7,631.5
06/04/2018;7,504.3
06/03/2018;7,729.3
06/02/2018;7,646.6
06/01/2018;7,530.8
05/31/2018;7,502.6
05/30/2018;7,400.1
05/29/2018;7,467.7
05/28/2018;7,119.3
05/27/2018;7,366.7
05/26/2018;7,361.3
05/25/2018;7,477.7
05/24/2018;7,592.9
05/23/2018;7,512.3
05/22/2018;8,006.0
05/21/2018;8,403.3
05/20/2018;8,529.0
05/19/2018;8,245.1
05/18/2018;8,245.7
05/17/2018;8,063.0
05/16/2018;8,344.4
05/15/2018;8,477.0
05/14/2018;8,674.1
05/13/2018;8,693.5
05/12/2018;8,459.5
05/11/2018;8,408.3
05/10/2018;9,025.7
05/09/2018;9,319.1
05/08/2018;9,196.4
05/07/2018;9,431.6
05/06/2018;9,656.4
05/05/2018;9,853.5
05/04/2018;9,708.6
05/03/2018;9,749.7
05/02/2018;9,243.2
05/01/2018;9,074.9
04/30/2018;9,245.1
04/29/2018;9,415.1
04/28/2018;9,352.4
04/27/2018;8,940.9
04/26/2018;9,287.0
04/25/2018;8,873.1
04/24/2018;9,645.3
04/23/2018;8,952.8
04/22/2018;8,806.7
04/21/2018;8,923.1
04/20/2018;8,867.0
04/19/2018;8,290.8
04/18/2018;8,178.4
04/17/2018;7,908.6
04/16/2018;8,070.0
04/15/2018;8,363.6
04/14/2018;8,004.4
04/13/2018;7,887.4
04/12/2018;7,926.6
04/11/2018;6,962.1
04/10/2018;6,854.8
04/09/2018;6,781.9
04/08/2018;7,030.5
04/07/2018;6,905.7
04/06/2018;6,624.3
04/05/2018;6,782.0
04/04/2018;6,808.9
04/03/2018;7,424.2
04/02/2018;7,068.4
04/01/2018;6,825.2
03/31/2018;6,938.2
03/30/2018;6,853.7
03/29/2018;7,129.2
03/28/2018;7,954.9
03/27/2018;7,801.7
03/26/2018;8,143.5
03/25/2018;8,473.2
03/24/2018;8,547.4
03/23/2018;8,916.8
03/22/2018;8,726.2
03/21/2018;8,905.9
03/20/2018;8,912.6
03/19/2018;8,616.8
03/18/2018;8,201.2
03/17/2018;7,874.9
03/16/2018;8,289.2
03/15/2018;8,264.4
03/14/2018;8,210.6
03/13/2018;9,154.9
03/12/2018;9,137.4
03/11/2018;9,529.6
03/10/2018;8,762.0
03/09/2018;9,217.0
03/08/2018;9,300.0
03/07/2018;9,902.9
03/06/2018;10,675.1
03/05/2018;11,330.6
03/04/2018;11,416.5
03/03/2018;11,402.3
03/02/2018;10,827.7
03/01/2018;10,904.5
02/28/2018;10,333.9
02/27/2018;10,594.4
02/26/2018;10,285.1
02/25/2018;9,585.2
02/24/2018;9,704.3
02/23/2018;10,170.4
02/22/2018;9,841.7
02/21/2018;10,473.0
02/20/2018;11,238.7
02/19/2018;11,169.4
02/18/2018;10,398.8
02/17/2018;11,073.5
02/16/2018;10,178.7
02/15/2018;10,037.3
02/14/2018;9,476.3
02/13/2018;8,539.2
02/12/2018;8,903.5
02/11/2018;8,081.9
02/10/2018;8,559.6
02/09/2018;8,699.8
02/08/2018;8,164.2
02/07/2018;7,594.7
02/06/2018;7,701.2
02/05/2018;6,938.5
02/04/2018;8,222.2
02/03/2018;9,241.1
02/02/2018;8,893.2
02/01/2018;9,181.1
01/31/2018;10,265.4
01/30/2018;10,166.0
01/29/2018;11,244.8
01/28/2018;11,795.1
01/27/2018;11,467.5
01/26/2018;11,118.1
01/25/2018;11,203.0
01/24/2018;11,452.3
01/23/2018;10,903.2
01/22/2018;10,864.8
01/21/2018;11,594.9
01/20/2018;12,858.9
01/19/2018;11,580.2
01/18/2018;11,245.4
01/17/2018;11,192.3
01/16/2018;11,362.0
01/15/2018;13,697.5
01/14/2018;13,695.2
01/13/2018;14,292.2
01/12/2018;13,886.7
01/11/2018;13,535.4
01/10/2018;15,043.0
01/09/2018;14,778.5
01/08/2018;14,976.2
01/07/2018;16,228.2
01/06/2018;17,172.3
01/05/2018;16,954.8
01/04/2018;15,180.1
01/03/2018;15,156.6
01/02/2018;14,754.1
01/01/2018;13,444.9
12/31/2017;13,850.4
12/30/2017;12,531.5
12/29/2017;14,392.6
12/28/2017;14,398.7
12/27/2017;15,416.6
12/26/2017;15,756.6
12/25/2017;13,833.5
12/24/2017;13,790.0
12/23/2017;14,396.5
12/22/2017;13,665.0
12/21/2017;15,632.1
12/20/2017;16,462.0
12/19/2017;17,523.7
12/18/2017;18,972.3
12/17/2017;19,065.7
12/16/2017;19,345.5
12/15/2017;17,604.8
12/14/2017;16,467.9
12/13/2017;16,286.8
12/12/2017;17,083.9
12/11/2017;16,732.5
12/10/2017;15,059.6
12/09/2017;14,843.4
12/08/2017;16,047.6
12/07/2017;16,850.3
12/06/2017;13,749.6
12/05/2017;11,667.1
12/04/2017;11,623.9
12/03/2017;11,246.2
12/02/2017;10,912.7
12/01/2017;10,861.5
11/30/2017;9,946.8
11/29/2017;9,837.9
11/28/2017;9,906.0
11/27/2017;9,733.2
11/26/2017;9,318.4
11/25/2017;8,754.7
11/24/2017;8,200.8
11/23/2017;8,013.4
11/22/2017;8,234.5
11/21/2017;8,100.0
11/20/2017;8,244.7
11/19/2017;8,042.6
11/18/2017;7,780.9
11/17/2017;7,700.0
11/16/2017;7,853.7
11/15/2017;7,283.2
11/14/2017;6,597.1
11/13/2017;6,522.5
11/12/2017;5,878.1
11/11/2017;6,339.9
11/10/2017;6,565.8
11/09/2017;7,129.6
11/08/2017;7,444.4
11/07/2017;7,102.8
11/06/2017;6,959.2
11/05/2017;7,389.5
11/04/2017;7,363.8
11/03/2017;7,152.1
11/02/2017;7,024.8
11/01/2017;6,737.8
10/31/2017;6,451.2
10/30/2017;6,124.3
10/29/2017;6,147.5
10/28/2017;5,726.6
10/27/2017;5,764.6
10/26/2017;5,887.6
10/25/2017;5,734.0
10/24/2017;5,513.1
10/23/2017;5,903.6
10/22/2017;5,982.9
10/21/2017;6,006.6
10/20/2017;5,993.1
10/19/2017;5,698.6
10/18/2017;5,575.8
10/17/2017;5,598.6
10/16/2017;5,759.3
10/15/2017;5,688.1
10/14/2017;5,824.7
10/13/2017;5,637.3
10/12/2017;5,432.6
10/11/2017;4,824.2
10/10/2017;4,763.4
10/09/2017;4,777.5
10/08/2017;4,611.7
10/07/2017;4,435.8
10/06/2017;4,371.9
10/05/2017;4,321.4
10/04/2017;4,218.7
10/03/2017;4,314.2
10/02/2017;4,401.3
10/01/2017;4,403.1
09/30/2017;4,360.6
09/29/2017;4,172.8
09/28/2017;4,195.6
09/27/2017;4,212.2
09/26/2017;3,892.7
09/25/2017;3,932.8
09/24/2017;3,667.5
09/23/2017;3,788.0
09/22/2017;3,600.8
09/21/2017;3,617.3
09/20/2017;3,882.2
09/19/2017;3,908.0
09/18/2017;4,100.3
09/17/2017;3,689.6
09/16/2017;3,698.9
09/15/2017;3,713.8
09/14/2017;3,243.1
09/13/2017;3,870.3
09/12/2017;4,158.9
09/11/2017;4,217.9
09/10/2017;4,245.9
09/09/2017;4,335.1
09/08/2017;4,326.5
09/07/2017;4,635.6
09/06/2017;4,618.7
09/05/2017;4,409.1
09/04/2017;4,267.5
09/03/2017;4,612.9
09/02/2017;4,573.8
09/01/2017;4,921.9
08/31/2017;4,735.1
08/30/2017;4,583.0
08/29/2017;4,597.3
08/28/2017;4,390.3
08/27/2017;4,345.8
08/26/2017;4,352.3
08/25/2017;4,364.4
08/24/2017;4,318.4
08/23/2017;4,141.1
08/22/2017;4,089.7
08/21/2017;4,005.1
08/20/2017;4,066.6
08/19/2017;4,150.5
08/18/2017;4,105.4
08/17/2017;4,278.9
08/16/2017;4,387.4
08/15/2017;4,161.7
08/14/2017;4,327.9
08/13/2017;4,062.6
08/12/2017;3,871.6
08/11/2017;3,654.4
08/10/2017;3,425.7
08/09/2017;3,348.8
08/08/2017;3,429.4
08/07/2017;3,401.9
08/06/2017;3,232.0
08/05/2017;3,262.8
08/04/2017;2,878.5
08/03/2017;2,810.0
08/02/2017;2,720.5
08/01/2017;2,747.0
07/31/2017;2,883.3
07/30/2017;2,766.5
07/29/2017;2,733.5
07/28/2017;2,806.8
07/27/2017;2,691.9
07/26/2017;2,559.2
07/25/2017;2,582.6
07/24/2017;2,763.4
07/23/2017;2,756.6
07/22/2017;2,836.5
07/21/2017;2,675.1
07/20/2017;2,866.0
07/19/2017;2,282.6
07/18/2017;2,320.2
07/17/2017;2,233.4
07/16/2017;1,914.1
07/15/2017;1,975.1
07/14/2017;2,234.2
07/13/2017;2,362.4
07/12/2017;2,403.1
07/11/2017;2,324.3
07/10/2017;2,344.0
07/09/2017;2,511.4
07/08/2017;2,564.9
07/07/2017;2,513.9
07/06/2017;2,614.2
07/05/2017;2,627.9
07/04/2017;2,617.3
07/03/2017;2,572.5
07/02/2017;2,536.5
07/01/2017;2,424.6
06/30/2017;2,480.6
06/29/2017;2,558.4
06/28/2017;2,577.7
06/27/2017;2,583.8
06/26/2017;2,446.1
06/25/2017;2,541.6
06/24/2017;2,590.1
06/23/2017;2,710.4
06/22/2017;2,722.8
06/21/2017;2,677.6
06/20/2017;2,754.4
06/19/2017;2,616.8
06/18/2017;2,539.6
06/17/2017;2,655.1
06/16/2017;2,508.6
06/15/2017;2,442.5
06/14/2017;2,467.3
06/13/2017;2,713.0
06/12/2017;2,656.8
06/11/2017;2,973.4
06/10/2017;2,900.3
06/09/2017;2,811.4
06/08/2017;2,798.8
06/07/2017;2,691.5
06/06/2017;2,870.5
06/05/2017;2,705.0
06/04/2017;2,524.1
06/03/2017;2,545.4
06/02/2017;2,492.6
06/01/2017;2,412.6
05/31/2017;2,303.3
05/30/2017;2,192.6
05/29/2017;2,278.2
05/28/2017;2,189.0
05/27/2017;2,052.4
05/26/2017;2,244.9
05/25/2017;2,307.2
05/24/2017;2,445.3
05/23/2017;2,272.6
05/22/2017;2,124.4
05/21/2017;2,044.2
05/20/2017;2,040.2
05/19/2017;1,962.0
05/18/2017;1,881.0
05/17/2017;1,801.3
05/16/2017;1,729.3
05/15/2017;1,708.9
05/14/2017;1,772.6
05/13/2017;1,763.7
05/12/2017;1,686.4
05/11/2017;1,819.3
05/10/2017;1,752.3
05/09/2017;1,697.5
05/08/2017;1,664.5
05/07/2017;1,554.4
05/06/2017;1,545.3
05/05/2017;1,507.8
05/04/2017;1,516.8
05/03/2017;1,485.6
05/02/2017;1,445.9
05/01/2017;1,415.8
04/30/2017;1,351.9
04/29/2017;1,336.3
04/28/2017;1,329.6
04/27/2017;1,332.9
04/26/2017;1,286.6
04/25/2017;1,264.3
04/24/2017;1,248.2
04/23/2017;1,249.1
04/22/2017;1,240.9
04/21/2017;1,249.6
04/20/2017;1,238.1
04/19/2017;1,215.2
04/18/2017;1,206.1
04/17/2017;1,194.0
04/16/2017;1,176.8
04/15/2017;1,177.0
04/14/2017;1,177.3
04/13/2017;1,176.2
04/12/2017;1,212.5
04/11/2017;1,220.7
04/10/2017;1,206.7
04/09/2017;1,204.3
04/08/2017;1,180.8
04/07/2017;1,190.5
04/06/2017;1,188.7
04/05/2017;1,129.9
04/04/2017;1,141.8
04/03/2017;1,147.6
04/02/2017;1,097.4
04/01/2017;1,086.1
03/31/2017;1,079.1
03/30/2017;1,037.9
03/29/2017;1,041.9
03/28/2017;1,044.4
03/27/2017;1,045.1
03/26/2017;969.4
03/25/2017;966.3
03/24/2017;939.7
03/23/2017;1,035.0
03/22/2017;1,044.7
03/21/2017;1,121.3
03/20/2017;1,047.5
03/19/2017;1,022.6
03/18/2017;971.4
03/17/2017;1,071.7
03/16/2017;1,172.9
03/15/2017;1,253.4
03/14/2017;1,243.1
03/13/2017;1,238.2
03/12/2017;1,225.1
03/11/2017;1,179.2
03/10/2017;1,112.4
03/09/2017;1,191.3
03/08/2017;1,147.0
03/07/2017;1,232.7
03/06/2017;1,277.0
03/05/2017;1,271.2
03/04/2017;1,264.3
03/03/2017;1,283.3
03/02/2017;1,255.5
03/01/2017;1,222.7
02/28/2017;1,189.3
02/27/2017;1,188.8
02/26/2017;1,171.6
02/25/2017;1,149.1
02/24/2017;1,176.5
02/23/2017;1,171.9
02/22/2017;1,120.5
02/21/2017;1,119.0
02/20/2017;1,077.6
02/19/2017;1,048.9
02/18/2017;1,052.3
02/17/2017;1,049.4
02/16/2017;1,031.9
02/15/2017;1,008.2
02/14/2017;1,008.3
02/13/2017;995.4
02/12/2017;996.5
02/11/2017;1,008.3
02/10/2017;997.6
02/09/2017;979
02/08/2017;1,055.5
02/07/2017;1,049.6
02/06/2017;1,024.7
02/05/2017;1,016.1
02/04/2017;1,031.8
02/03/2017;1,013.0
02/02/2017;1,004.0
02/01/2017;982.4
01/31/2017;965.5
01/30/2017;920.7
01/29/2017;914.5
01/28/2017;918.5
01/27/2017;918
01/26/2017;915.6
01/25/2017;894.4
01/24/2017;893.8
01/23/2017;921.5
01/22/2017;918.8
01/21/2017;919.8
01/20/2017;892.9
01/19/2017;895.2
01/18/2017;872
01/17/2017;899.7
01/16/2017;827.3
01/15/2017;821.2
01/14/2017;819.6
01/13/2017;824.8
01/12/2017;810.1
01/11/2017;785.4
01/10/2017;904.4
01/09/2017;899.8
01/08/2017;900.9
01/07/2017;888.9
01/06/2017;886.2
01/05/2017;989.3
01/04/2017;1,135.4
01/03/2017;1,033.3
01/02/2017;1,017.0
01/01/2017;995.4
12/31/2016;963.4
12/30/2016;959
12/29/2016;971.1
12/28/2016;972.2
12/27/2016;925.8
12/26/2016;898.4
12/25/2016;891.1
12/24/2016;891.1
12/23/2016;917.2
12/22/2016;860.2
12/21/2016;829.2
12/20/2016;799.1
12/19/2016;789.8
12/18/2016;789
12/17/2016;787.2
12/16/2016;782
12/15/2016;775.2
12/14/2016;776.5
12/13/2016;778.7
12/12/2016;778.5
12/11/2016;767.9
12/10/2016;774
12/09/2016;770.5
12/08/2016;768.5
12/07/2016;765.6
12/06/2016;758.2
12/05/2016;754.3
12/04/2016;766.4
12/03/2016;764.2
12/02/2016;770.9
12/01/2016;752.6
11/30/2016;742.5
11/29/2016;732.6
11/28/2016;733.3
11/27/2016;729.4
11/26/2016;734.1
11/25/2016;740.4
11/24/2016;735.3
11/23/2016;741.1
11/22/2016;749.3
11/21/2016;736.2
11/20/2016;728.5
11/19/2016;747.9
11/18/2016;747
11/17/2016;737.5
11/16/2016;740.3
11/15/2016;711.1
11/14/2016;704.6
11/13/2016;702
11/12/2016;704.3
11/11/2016;715
11/10/2016;714.6
11/09/2016;721.4
11/08/2016;710.9
11/07/2016;705.4
11/06/2016;709.9
11/05/2016;702.1
11/04/2016;702.1
11/03/2016;684.9
11/02/2016;733.5
11/01/2016;726.8
10/31/2016;698.7
10/30/2016;697.3
10/29/2016;715
10/28/2016;686.2
10/27/2016;682.3
10/26/2016;674.7
10/25/2016;651
10/24/2016;650.5
10/23/2016;653
10/22/2016;655.5
10/21/2016;630.5
10/20/2016;628.3
10/19/2016;629.1
10/18/2016;635.3
10/17/2016;637.4
10/16/2016;640.1
10/15/2016;637
10/14/2016;637.9
10/13/2016;635.6
10/12/2016;636
10/11/2016;640.5
10/10/2016;617.3
10/09/2016;615.8
10/08/2016;617.7
10/07/2016;616
10/06/2016;611
10/05/2016;611.8
10/04/2016;609
10/03/2016;611.6
10/02/2016;610.7
10/01/2016;613.4
09/30/2016;608.1
09/29/2016;604.7
09/28/2016;604.7
09/27/2016;605.5
09/26/2016;606.5
09/25/2016;601.5
09/24/2016;602.6
09/23/2016;602.9
09/22/2016;595.6
09/21/2016;597.2
09/20/2016;609.2
09/19/2016;609.8
09/18/2016;610.7
09/17/2016;607.1
09/16/2016;607.8
09/15/2016;608.1
09/14/2016;609.5
09/13/2016;608.6
09/12/2016;608
09/11/2016;605.6
09/10/2016;624.5
09/09/2016;623.2
09/08/2016;625.6
09/07/2016;613.2
09/06/2016;610.4
09/05/2016;605.8
09/04/2016;609.5
09/03/2016;598.8
09/02/2016;575.3
09/01/2016;572
08/31/2016;573.9
08/30/2016;577.3
08/29/2016;574.2
08/28/2016;575
08/27/2016;570.3
08/26/2016;579.4
08/25/2016;578
08/24/2016;579.7
08/23/2016;583.6
08/22/2016;587.5
08/21/2016;580.7
08/20/2016;582.6
08/19/2016;574.6
08/18/2016;573.4
08/17/2016;572.3
08/16/2016;580.2
08/15/2016;567
08/14/2016;569.1
08/13/2016;584.6
08/12/2016;587.1
08/11/2016;587.8
08/10/2016;590.9
08/09/2016;585.3
08/08/2016;589.2
08/07/2016;590.8
08/06/2016;586.5
08/05/2016;574.7
08/04/2016;576.2
08/03/2016;566.4
08/02/2016;513.4
08/01/2016;607
07/31/2016;621.9
07/30/2016;654.7
07/29/2016;655.4
07/28/2016;654.1
07/27/2016;654.5
07/26/2016;654.4
07/25/2016;654
07/24/2016;659.3
07/23/2016;655.2
07/22/2016;651.1
07/21/2016;664.6
07/20/2016;664.4
07/19/2016;671.1
07/18/2016;670.4
07/17/2016;676.3
07/16/2016;660.7
07/15/2016;664.2
07/14/2016;657.3
07/13/2016;661.2
07/12/2016;670.6
07/11/2016;646.7
07/10/2016;647.1
07/09/2016;651.8
07/08/2016;662.8
07/07/2016;635.3
07/06/2016;672.7
07/05/2016;663.7
07/04/2016;675.2
07/03/2016;661.6
07/02/2016;698.1
07/01/2016;674.6
06/30/2016;670
06/29/2016;636.5
06/28/2016;644.9
06/27/2016;644.7
06/26/2016;625.4
06/25/2016;663.5
06/24/2016;656.9
06/23/2016;620.8
06/22/2016;590.6
06/21/2016;667.4
06/20/2016;734
06/19/2016;761
06/18/2016;753.8
06/17/2016;743.9
06/16/2016;761.2
06/15/2016;690.8
06/14/2016;685.1
06/13/2016;700.1
06/12/2016;666.5
06/11/2016;591.6
06/10/2016;577.9
06/09/2016;574.7
06/08/2016;580.5
06/07/2016;575.6
06/06/2016;583.6
06/05/2016;574.9
06/04/2016;572
06/03/2016;567
06/02/2016;537.1
06/01/2016;537.4
05/31/2016;528.9
05/30/2016;532.3
05/29/2016;516
05/28/2016;524.2
05/27/2016;474
05/26/2016;453.3
05/25/2016;449.8
05/24/2016;446.1
05/23/2016;443.7
05/22/2016;439.6
05/21/2016;443.6
05/20/2016;442.1
05/19/2016;442.7
05/18/2016;454.2
05/17/2016;453.3
05/16/2016;454.9
05/15/2016;458.1
05/14/2016;456.4
05/13/2016;455.4
05/12/2016;454.4
05/11/2016;452.5
05/10/2016;449.4
05/09/2016;460.4
05/08/2016;457.9
05/07/2016;458.5
05/06/2016;459.6
05/05/2016;448.1
05/04/2016;445.8
05/03/2016;450.3
05/02/2016;444.2
05/01/2016;452.2
04/30/2016;448.5
04/29/2016;455
04/28/2016;448.5
04/27/2016;447
04/26/2016;466
04/25/2016;461.7
04/24/2016;457.6
04/23/2016;450.1
04/22/2016;445.3
04/21/2016;449.3
04/20/2016;441.2
04/19/2016;434.9
04/18/2016;427.7
04/17/2016;426.3
04/16/2016;430
04/15/2016;428.7
04/14/2016;424
04/13/2016;423.5
04/12/2016;424.7
04/11/2016;421.4
04/10/2016;420.3
04/09/2016;418
04/08/2016;417.7
04/07/2016;420.1
04/06/2016;421.3
04/05/2016;422.1
04/04/2016;419.3
04/03/2016;419.1
04/02/2016;418.5
04/01/2016;415.6
03/31/2016;415.7
03/30/2016;412.4
03/29/2016;415
03/28/2016;422.2
03/27/2016;424.6
03/26/2016;416.5
03/25/2016;415.7
03/24/2016;414.7
03/23/2016;417
03/22/2016;416.2
03/21/2016;411.1
03/20/2016;411.5
03/19/2016;408.7
03/18/2016;408.2
03/17/2016;418.2
03/16/2016;415.9
03/15/2016;415.1
03/14/2016;414.3
03/13/2016;412.4
03/12/2016;410.4
03/11/2016;419.1
03/10/2016;415.8
03/09/2016;412.8
03/08/2016;411.9
03/07/2016;414.9
03/06/2016;406
03/05/2016;399
03/04/2016;409.5
03/03/2016;419.6
03/02/2016;425.4
03/01/2016;434
02/29/2016;436.2
02/28/2016;432.5
02/27/2016;431.3
02/26/2016;427.3
02/25/2016;423.5
02/24/2016;422.7
02/23/2016;419.9
02/22/2016;437.8
02/21/2016;437.9
02/20/2016;440.1
02/19/2016;420
02/18/2016;421.4
02/17/2016;417.1
02/16/2016;406.4
02/15/2016;401.1
02/14/2016;405.5
02/13/2016;390.1
02/12/2016;384
02/11/2016;379.5
02/10/2016;381.9
02/09/2016;375.3
02/08/2016;372.6
02/07/2016;377.9
02/06/2016;376.7
02/05/2016;386.5
02/04/2016;390.6
02/03/2016;368
02/02/2016;373.9
02/01/2016;372.2
01/31/2016;369.8
01/30/2016;377.8
01/29/2016;380.3
01/28/2016;379.7
01/27/2016;395
01/26/2016;389.8
01/25/2016;392.8
01/24/2016;402.1
01/23/2016;388.6
01/22/2016;382.6
01/21/2016;410.2
01/20/2016;414.6
01/19/2016;379.5
01/18/2016;384.4
01/17/2016;382.5
01/16/2016;385
01/15/2016;372.3
01/14/2016;429.1
01/13/2016;432.2
01/12/2016;445
01/11/2016;447.7
01/10/2016;446.2
01/09/2016;448.3
01/08/2016;452.9
01/07/2016;457
01/06/2016;430.8
01/05/2016;431.2
01/04/2016;433.3
01/03/2016;430.7
01/02/2016;433.7
01/01/2016;434
12/31/2015;430
12/30/2015;427.1
12/29/2015;431.9
12/28/2015;421.8
12/27/2015;422.4
12/26/2015;415.4
12/25/2015;454
12/24/2015;453
12/23/2015;442.4
12/22/2015;437
12/21/2015;437.6
12/20/2015;441.8
12/19/2015;461.2
12/18/2015;463.2
12/17/2015;455.5
12/16/2015;454
12/15/2015;462.6
12/14/2015;442
12/13/2015;434.7
12/12/2015;432.3
12/11/2015;449.8
12/10/2015;415.5
12/09/2015;416
12/08/2015;410.7
12/07/2015;394.3
12/06/2015;393.4
12/05/2015;386.7
12/04/2015;361.7
12/03/2015;360.3
12/02/2015;360
12/01/2015;361.8
11/30/2015;378
11/29/2015;370.8
11/28/2015;355.8
11/27/2015;359.5
11/26/2015;353.7
11/25/2015;327.5
11/24/2015;318.4
11/23/2015;322.1
11/22/2015;322.8
11/21/2015;324.7
11/20/2015;321.1
11/19/2015;325
11/18/2015;335.9
11/17/2015;333.9
11/16/2015;330.2
11/15/2015;317.5
11/14/2015;331.8
11/13/2015;333.8
11/12/2015;333.9
11/11/2015;304.7
11/10/2015;336.7
11/09/2015;380.2
11/08/2015;371.6
11/07/2015;385.1
11/06/2015;369.8
11/05/2015;382.7
11/04/2015;400.9
11/03/2015;396.5
11/02/2015;359.3
11/01/2015;323
10/31/2015;311.2
10/30/2015;327.1
10/29/2015;313.6
10/28/2015;303.5
10/27/2015;294.7
10/26/2015;285.1
10/25/2015;287.9
10/24/2015;282.6
10/23/2015;276.9
10/22/2015;274.4
10/21/2015;267.1
10/20/2015;269.8
10/19/2015;263.8
10/18/2015;261.7
10/17/2015;269.6
10/16/2015;262.9
10/15/2015;254.4
10/14/2015;252.3
10/13/2015;248.8
10/12/2015;245.4
10/11/2015;247.6
10/10/2015;245.4
10/09/2015;244
10/08/2015;242.6
10/07/2015;243
10/06/2015;246.1
10/05/2015;240.1
10/04/2015;238.3
10/03/2015;238.6
10/02/2015;236.7
10/01/2015;237.1
09/30/2015;235.9
09/29/2015;236.7
09/28/2015;238.9
09/27/2015;232.5
09/26/2015;234.3
09/25/2015;235
09/24/2015;233.8
09/23/2015;229.9
09/22/2015;230
09/21/2015;226.3
09/20/2015;231.1
09/19/2015;231.1
09/18/2015;232.2
09/17/2015;232.7
09/16/2015;228.6
09/15/2015;229.5
09/14/2015;229.9
09/13/2015;230.2
09/12/2015;235.6
09/11/2015;239.9
09/10/2015;238.1
09/09/2015;237.4
09/08/2015;243.2
09/07/2015;239.6
09/06/2015;239.9
09/05/2015;233.7
09/04/2015;230.3
09/03/2015;226.2
09/02/2015;228.6
09/01/2015;227.2
08/31/2015;229.5
08/30/2015;228.4
08/29/2015;228.5
08/28/2015;231.6
08/27/2015;222.7
08/26/2015;225
08/25/2015;220.5
08/24/2015;211.4
08/23/2015;226.8
08/22/2015;229.5
08/21/2015;232.4
08/20/2015;234.7
08/19/2015;226
08/18/2015;246.7
08/17/2015;257.1
08/16/2015;257.1
08/15/2015;260.5
08/14/2015;265
08/13/2015;263.4
08/12/2015;267.7
08/11/2015;269
08/10/2015;263.3
08/09/2015;263.9
08/08/2015;258.6
08/07/2015;277.9
08/06/2015;278
08/05/2015;281.7
08/04/2015;284.3
08/03/2015;281.6
08/02/2015;281.4
08/01/2015;280.5
07/31/2015;283.7
07/30/2015;287
07/29/2015;288.4
07/28/2015;293.7
07/27/2015;293
07/26/2015;291.8
07/25/2015;288.7
07/24/2015;288.4
07/23/2015;275.5
07/22/2015;276.5
07/21/2015;275.1
07/20/2015;277.7
07/19/2015;273.2
07/18/2015;274
07/17/2015;279.6
07/16/2015;276.6
07/15/2015;283.4
07/14/2015;287
07/13/2015;290.4
07/12/2015;310.4
07/11/2015;292
07/10/2015;283.6
07/09/2015;269.1
07/08/2015;268.6
07/07/2015;266.2
07/06/2015;269.1
07/05/2015;270.1
07/04/2015;260.5
07/03/2015;255.4
07/02/2015;254.9
07/01/2015;257.6
06/30/2015;264.1
06/29/2015;257
06/28/2015;248.9
06/27/2015;250.7
06/26/2015;242.9
06/25/2015;242.6
06/24/2015;240.6
06/23/2015;243.8
06/22/2015;247.5
06/21/2015;244.1
06/20/2015;245
06/19/2015;244.1
06/18/2015;248.4
06/17/2015;247.4
06/16/2015;249.8
06/15/2015;237
06/14/2015;233.8
06/13/2015;232.5
06/12/2015;230.5
06/11/2015;229.9
06/10/2015;228.8
06/09/2015;229.6
06/08/2015;228.6
06/07/2015;223.5
06/06/2015;224.7
06/05/2015;225.3
06/04/2015;224.2
06/03/2015;225.6
06/02/2015;225.7
06/01/2015;223.1
05/31/2015;229.8
05/30/2015;233.2
05/29/2015;237
05/28/2015;237.3
05/27/2015;237.3
05/26/2015;237.8
05/25/2015;237.4
05/24/2015;241
05/23/2015;238.9
05/22/2015;240.4
05/21/2015;235.4
05/20/2015;234
05/19/2015;232
05/18/2015;232.6
05/17/2015;236.3
05/16/2015;236.2
05/15/2015;237.2
05/14/2015;236.9
05/13/2015;236.4
05/12/2015;241.6
05/11/2015;241.8
05/10/2015;240
05/09/2015;241.4
05/08/2015;243.7
05/07/2015;237.7
05/06/2015;230
05/05/2015;235.8
05/04/2015;239
05/03/2015;240
05/02/2015;235.3
05/01/2015;233.2
04/30/2015;235.8
04/29/2015;225.4
04/28/2015;225.8
04/27/2015;229
04/26/2015;218.7
04/25/2015;226.1
04/24/2015;231.1
04/23/2015;235.4
04/22/2015;233.8
04/21/2015;233.7
04/20/2015;224.2
04/19/2015;223
04/18/2015;223.4
04/17/2015;222.6
04/16/2015;228
04/15/2015;223
04/14/2015;218
04/13/2015;223.6
04/12/2015;235.9
04/11/2015;236.5
04/10/2015;234.7
04/09/2015;243.3
04/08/2015;244.6
04/07/2015;253
04/06/2015;255
04/05/2015;259.6
04/04/2015;252.9
04/03/2015;254.5
04/02/2015;252.6
04/01/2015;246.2
03/31/2015;244.1
03/30/2015;246.8
03/29/2015;242.1
03/28/2015;252
03/27/2015;247.2
03/26/2015;248
03/25/2015;246.4
03/24/2015;246.7
03/23/2015;265.5
03/22/2015;268.6
03/21/2015;259.7
03/20/2015;261.8
03/19/2015;260.9
03/18/2015;255.9
03/17/2015;285.4
03/16/2015;290.4
03/15/2015;284.9
03/14/2015;281.6
03/13/2015;287.2
03/12/2015;293.9
03/11/2015;295.6
03/10/2015;291.4
03/09/2015;290
03/08/2015;274.5
03/07/2015;274.9
03/06/2015;272.6
03/05/2015;275.2
03/04/2015;271.9
03/03/2015;280.6
03/02/2015;273.8
03/01/2015;257.9
02/28/2015;254.1
02/27/2015;253.5
02/26/2015;236.5
02/25/2015;237.3
02/24/2015;238.9
02/23/2015;238.8
02/22/2015;235.7
02/21/2015;244.4
02/20/2015;244.5
02/19/2015;241.9
02/18/2015;235.2
02/17/2015;243.2
02/16/2015;235.8
02/15/2015;233.3
02/14/2015;258.6
02/13/2015;236.2
02/12/2015;221.8
02/11/2015;218.8
02/10/2015;219.7
02/09/2015;220.3
02/08/2015;223.7
02/07/2015;227.7
02/06/2015;223
02/05/2015;216.5
02/04/2015;226.6
02/03/2015;227.4
02/02/2015;238.9
02/01/2015;225.3
01/31/2015;218.5
01/30/2015;231.8
01/29/2015;234
01/28/2015;236.2
01/27/2015;263.3
01/26/2015;269.2
01/25/2015;252.1
01/24/2015;248.2
01/23/2015;232.2
01/22/2015;232.7
01/21/2015;228.2
01/20/2015;210.6
01/19/2015;215.9
01/18/2015;210.6
01/17/2015;199.6
01/16/2015;206.9
01/15/2015;209.8
01/14/2015;164.9
01/13/2015;221.3
01/12/2015;269.3
01/11/2015;264.8
01/10/2015;273.4
01/09/2015;288
01/08/2015;282.7
01/07/2015;291.3
01/06/2015;282.3
01/05/2015;274.8
01/04/2015;264.7
01/03/2015;287.1
01/02/2015;315.2
01/01/2015;314.9
12/31/2014;318.2
12/30/2014;311.3
12/29/2014;314.1
12/28/2014;316.5
12/27/2014;315.3
12/26/2014;330
12/25/2014;319
12/24/2014;322.4
12/23/2014;335.3
12/22/2014;330.8
12/21/2014;322.6
12/20/2014;330.4
12/19/2014;317.8
12/18/2014;310.3
12/17/2014;320
12/16/2014;330.2
12/15/2014;345.4
12/14/2014;349.4
12/13/2014;348.2
12/12/2014;353.4
12/11/2014;347.7
12/10/2014;347.9
12/09/2014;352.2
12/08/2014;365
12/07/2014;376.5
12/06/2014;376.3
12/05/2014;377.6
12/04/2014;369.8
12/03/2014;377
12/02/2014;380.6
12/01/2014;378.6
11/30/2014;374.9
11/29/2014;376.3
11/28/2014;377.6
11/27/2014;368.8
11/26/2014;365.4
11/25/2014;376.4
11/24/2014;378.9
11/23/2014;365.9
11/22/2014;352
11/21/2014;351.8
11/20/2014;357.3
11/19/2014;381.4
11/18/2014;379.2
11/17/2014;384.7
11/16/2014;385.6
11/15/2014;374.9
11/14/2014;396.5
11/13/2014;428.7
11/12/2014;432
11/11/2014;365.4
11/10/2014;367.1
11/09/2014;362
11/08/2014;343.5
11/07/2014;341.9
11/06/2014;347.7
11/05/2014;338
11/04/2014;328
11/03/2014;324.2
11/02/2014;322.5
11/01/2014;325.4
10/31/2014;337.9
10/30/2014;344.9
10/29/2014;335.1
10/28/2014;351.1
10/27/2014;350.1
10/26/2014;348.7
10/25/2014;346.7
10/24/2014;355.1
10/23/2014;355.8
10/22/2014;378.9
10/21/2014;382.4
10/20/2014;380.4
10/19/2014;387.3
10/18/2014;390.9
10/17/2014;380.5
10/16/2014;379.8
10/15/2014;393.2
10/14/2014;397.1
10/13/2014;387.3
10/12/2014;373.2
10/11/2014;361.2
10/10/2014;361.7
10/09/2014;360.9
10/08/2014;350.9
10/07/2014;331.6
10/06/2014;331.5
10/05/2014;322.9
10/04/2014;335.3
10/03/2014;363.5
10/02/2014;375.1
10/01/2014;382.8
09/30/2014;388.2
09/29/2014;376.8
09/28/2014;379.1
09/27/2014;399
09/26/2014;404.5
09/25/2014;412.3
09/24/2014;423.8
09/23/2014;436.9
09/22/2014;404.1
09/21/2014;401.6
09/20/2014;411.5
09/19/2014;397.7
09/18/2014;424.3
09/17/2014;461.1
09/16/2014;466.8
09/15/2014;477.7
09/14/2014;477.7
09/13/2014;478.2
09/12/2014;477.7
09/11/2014;478.5
09/10/2014;479.7
09/09/2014;474.9
09/08/2014;475.7
09/07/2014;485.8
09/06/2014;484.5
09/05/2014;483.6
09/04/2014;491
09/03/2014;480
09/02/2014;478.9
09/01/2014;477.2
08/31/2014;481.8
08/30/2014;506
08/29/2014;512.6
08/28/2014;510.8
08/27/2014;515.2
08/26/2014;512.6
08/25/2014;502.9
08/24/2014;509.7
08/23/2014;497.7
08/22/2014;516.1
08/21/2014;517.9
08/20/2014;516.8
08/19/2014;485.1
08/18/2014;462.2
08/17/2014;485.5
08/16/2014;522
08/15/2014;496.5
08/14/2014;504.8
08/13/2014;542.1
08/12/2014;567.7
08/11/2014;575.9
08/10/2014;592.1
08/09/2014;589.5
08/08/2014;595.8
08/07/2014;592.8
08/06/2014;589.8
08/05/2014;588.8
08/04/2014;592.8
08/03/2014;588.9
08/02/2014;591.7
08/01/2014;598.8
07/31/2014;589.5
07/30/2014;564.6
07/29/2014;585.8
07/28/2014;587.9
07/27/2014;595
07/26/2014;596
07/25/2014;600.5
07/24/2014;601.9
07/23/2014;621.7
07/22/2014;622.5
07/21/2014;625.1
07/20/2014;621
07/19/2014;627
07/18/2014;627.5
07/17/2014;626.6
07/16/2014;614.8
07/15/2014;619.6
07/14/2014;618.3
07/13/2014;628
07/12/2014;635.9
07/11/2014;632.9
07/10/2014;618.4
07/09/2014;623
07/08/2014;615.3
07/07/2014;613.6
07/06/2014;626.7
07/05/2014;623
07/04/2014;624
07/03/2014;638
07/02/2014;645.7
07/01/2014;643.2
06/30/2014;635.1
06/29/2014;601.1
06/28/2014;597.6
06/27/2014;602.2
06/26/2014;582.7
06/25/2014;568.5
06/24/2014;588.8
06/23/2014;591.2
06/22/2014;603.6
06/21/2014;597
06/20/2014;590.8
06/19/2014;600.2
06/18/2014;606.2
06/17/2014;605.1
06/16/2014;599.1
06/15/2014;582.3
06/14/2014;583.4
06/13/2014;610.3
06/12/2014;597.1
06/11/2014;643
06/10/2014;655.6
06/09/2014;644.3
06/08/2014;651
06/07/2014;651.7
06/06/2014;650.4
06/05/2014;660.2
06/04/2014;638.9
06/03/2014;669.4
06/02/2014;655.5
06/01/2014;649.8
05/31/2014;627.9
05/30/2014;612.3
05/29/2014;564.4
05/28/2014;570.8
05/27/2014;570.1
05/26/2014;582
05/25/2014;570.4
05/24/2014;520.5
05/23/2014;518.1
05/22/2014;515.4
05/21/2014;488.8
05/20/2014;484.6
05/19/2014;443.9
05/18/2014;450.1
05/17/2014;452.8
05/16/2014;453.6
05/15/2014;448.1
05/14/2014;442.6
05/13/2014;433.9
05/12/2014;438.2
05/11/2014;433.2
05/10/2014;451.9
05/09/2014;445.5
05/08/2014;441.1
05/07/2014;446.5
05/06/2014;432.2
05/05/2014;430.9
05/04/2014;436
05/03/2014;438.6
05/02/2014;453.7
05/01/2014;460.1
04/30/2014;445.6
04/29/2014;446.1
04/28/2014;441.9
04/27/2014;443.2
04/26/2014;457.9
04/25/2014;464.5
04/24/2014;500.3
04/23/2014;487.3
04/22/2014;487.9
04/21/2014;495.2
04/20/2014;498.5
04/19/2014;506
04/18/2014;485.5
04/17/2014;502
04/16/2014;537
04/15/2014;526.4
04/14/2014;478.4
04/13/2014;427.6
04/12/2014;437.6
04/11/2014;435.1
04/10/2014;384.6
04/09/2014;457.3
04/08/2014;466.6
04/07/2014;462.4
04/06/2014;455.7
04/05/2014;456.6
04/04/2014;444.4
04/03/2014;436.3
04/02/2014;424.4
04/01/2014;463.5
03/31/2014;444.7
03/30/2014;446.9
03/29/2014;477.1
03/28/2014;482.6
03/27/2014;460.5
03/26/2014;562.5
03/25/2014;562.9
03/24/2014;567.6
03/23/2014;551.2
03/22/2014;564.3
03/21/2014;549.6
03/20/2014;566
03/19/2014;595
03/18/2014;598.9
03/17/2014;606.4
03/16/2014;619.1
03/15/2014;624
03/14/2014;614
03/13/2014;625
03/12/2014;619.4
03/11/2014;608.7
03/10/2014;613
03/09/2014;627
03/08/2014;609.2
03/07/2014;616.7
03/06/2014;648.3
03/05/2014;658.3
03/04/2014;661.8
03/03/2014;662.2
03/02/2014;544.6
03/01/2014;557.4
02/28/2014;573.9
02/27/2014;596.5
02/26/2014;593.1
02/25/2014;135.8
02/24/2014;174
02/23/2014;310.2
02/22/2014;255.6
02/21/2014;111.6
02/20/2014;111.9
02/19/2014;261.5
02/18/2014;294
02/17/2014;272.3
02/16/2014;299.8
02/15/2014;371.1
02/14/2014;427.7
02/13/2014;451.4
02/12/2014;531.1
02/11/2014;579
02/10/2014;582.6
02/09/2014;659.6
02/08/2014;648.8
02/07/2014;695.7
02/06/2014;828.9
02/05/2014;904.5
02/04/2014;926.6
02/03/2014;931.7
02/02/2014;953.3
02/01/2014;940.4
01/31/2014;938.8
01/30/2014;941.4
01/29/2014;925.7
01/28/2014;932.7
01/27/2014;943.5
01/26/2014;1,007.0
01/25/2014;961
01/24/2014;916.5
01/23/2014;944.2
01/22/2014;951
01/21/2014;962.2
01/20/2014;956
01/19/2014;954.8
01/18/2014;905.7
01/17/2014;894.2
01/16/2014;913.5
01/15/2014;941.2
01/14/2014;919.3
01/13/2014;922.9
01/12/2014;939.8
01/11/2014;1,005.3
01/10/2014;957.8
01/09/2014;937
01/08/2014;938.8
01/07/2014;879.9
01/06/2014;1,012.7
01/05/2014;1,014.7
01/04/2014;924.7
01/03/2014;884.3
01/02/2014;856.9
01/01/2014;815.9
12/31/2013;805.9
12/30/2013;804.8
12/29/2013;785
12/28/2013;762
12/27/2013;803
12/26/2013;802
12/25/2013;707.3
12/24/2013;702.8
12/23/2013;713.2
12/22/2013;639.5
12/21/2013;640.5
12/20/2013;650
12/19/2013;732
12/18/2013;541
12/17/2013;715
12/16/2013;759.9
12/15/2013;919.9
12/14/2013;908.9
12/13/2013;936.8
12/12/2013;900
12/11/2013;919.9
12/10/2013;1,033.7
12/09/2013;919
12/08/2013;804
12/07/2013;697
12/06/2013;845
12/05/2013;1,106.3
12/04/2013;1,237.6
12/03/2013;1,154.9
12/02/2013;1,096.6
12/01/2013;1,004.4
11/30/2013;1,205.7
11/29/2013;1,206.9
11/28/2013;1,101.4
11/27/2013;1,079.9
11/26/2013;970
11/25/2013;830
11/24/2013;795
11/23/2013;832.5
11/22/2013;802
11/21/2013;764.9
11/20/2013;638
11/19/2013;645.7
11/18/2013;785.4
11/17/2013;528.3
11/16/2013;462
11/15/2013;433.9
11/14/2013;433.4
11/13/2013;434.9
11/12/2013;380
11/11/2013;363
11/10/2013;336.3
11/09/2013;367.8
11/08/2013;355
11/07/2013;309.6
11/06/2013;264.1
11/05/2013;251.3
11/04/2013;238.2
11/03/2013;224
11/02/2013;211.7
11/01/2013;213.4
10/31/2013;211.2
10/30/2013;208
10/29/2013;216
10/28/2013;206.9
10/27/2013;206.9
10/26/2013;188.6
10/25/2013;197.9
10/24/2013;207
10/23/2013;228
10/22/2013;203
10/21/2013;192.8
10/20/2013;186.1
10/19/2013;183.1
10/18/2013;168.3
10/17/2013;157.6
10/16/2013;152.8
10/15/2013;158.1
10/14/2013;151.4
10/13/2013;147.5
10/12/2013;142.9
10/11/2013;140.1
10/10/2013;140.4
10/09/2013;139.5
10/08/2013;136.5
10/07/2013;135.8
10/06/2013;137.8
10/05/2013;136.7
10/04/2013;136.8
10/03/2013;131
10/02/2013;123
10/01/2013;140.3
09/30/2013;141.9
09/29/2013;143.9
09/28/2013;142.5
09/27/2013;138.9
09/26/2013;137.1
09/25/2013;135
09/24/2013;134.8
09/23/2013;133.4
09/22/2013;134
09/21/2013;134.4
09/20/2013;133.8
09/19/2013;135.1
09/18/2013;140.4
09/17/2013;139.1
09/16/2013;139.4
09/15/2013;138.3
09/14/2013;136.7
09/13/2013;140.7
09/12/2013;139.4
09/11/2013;142.1
09/10/2013;132.6
09/09/2013;133.1
09/08/2013;126.3
09/07/2013;129
09/06/2013;121.9
09/05/2013;130.2
09/04/2013;132.5
09/03/2013;144
09/02/2013;144
09/01/2013;146
08/31/2013;141
08/30/2013;138
08/29/2013;129.3
08/28/2013;128.8
08/27/2013;131.3
08/26/2013;120.1
08/25/2013;122.1
08/24/2013;119.6
08/23/2013;118.5
08/22/2013;122
08/21/2013;123.3
08/20/2013;121.2
08/19/2013;118.5
08/18/2013;113.4
08/17/2013;112.8
08/16/2013;109
08/15/2013;110
08/14/2013;112.6
08/13/2013;109.6
08/12/2013;106.8
08/11/2013;105
08/10/2013;103
08/09/2013;102.8
08/08/2013;103.1
08/07/2013;106
08/06/2013;106.6
08/05/2013;106.7
08/04/2013;105.1
08/03/2013;104.9
08/02/2013;104.5
08/01/2013;104
07/31/2013;106.2
07/30/2013;108
07/29/2013;101.5
07/28/2013;98.8
07/27/2013;94.4
07/26/2013;96
07/25/2013;96.9
07/24/2013;95.1
07/23/2013;95.6
07/22/2013;91.6
07/21/2013;92
07/20/2013;89.8
07/19/2013;92
07/18/2013;90.1
07/17/2013;98.5
07/16/2013;97.1
07/15/2013;98.9
07/14/2013;94.4
07/13/2013;98.3
07/12/2013;94
07/11/2013;89
07/10/2013;88
07/09/2013;76.7
07/08/2013;76
07/07/2013;76.5
07/06/2013;69.7
07/05/2013;68.5
07/04/2013;80
07/03/2013;78.9
07/02/2013;90.4
07/01/2013;88.1
06/30/2013;97.5
06/29/2013;95
06/28/2013;94.7
06/27/2013;101.7
06/26/2013;104
06/25/2013;103.3
06/24/2013;102.1
06/23/2013;107.9
06/22/2013;108.2
06/21/2013;109.5
06/20/2013;111.3
06/19/2013;108.3
06/18/2013;107.3
06/17/2013;101.9
06/16/2013;99.9
06/15/2013;99.8
06/14/2013;100
06/13/2013;103.9
06/12/2013;108.8
06/11/2013;109
06/10/2013;106.3
06/09/2013;100.4
06/08/2013;107.9
06/07/2013;111
06/06/2013;119
06/05/2013;121.9
06/04/2013;121.4
06/03/2013;120.7
06/02/2013;122.5
06/01/2013;129.3
05/31/2013;128.8
05/30/2013;128.8
05/29/2013;132.3
05/28/2013;129
05/27/2013;129.8
05/26/2013;133.5
05/25/2013;132
05/24/2013;133.1
05/23/2013;126.3
05/22/2013;123.8
05/21/2013;122.9
05/20/2013;122
05/19/2013;122.5
05/18/2013;123.2
05/17/2013;123.5
05/16/2013;118.2
05/15/2013;114.2
05/14/2013;111.4
05/13/2013;118
05/12/2013;114.8
05/11/2013;115.6
05/10/2013;117.7
05/09/2013;112.8
05/08/2013;113.2
05/07/2013;109.6
05/06/2013;112.3
05/05/2013;116
05/04/2013;112.9
05/03/2013;98.1
05/02/2013;106.3
05/01/2013;116.4
04/30/2013;139.2
04/29/2013;144
04/28/2013;134.4
04/27/2013;128
04/26/2013;136.9
04/25/2013;141.7
04/24/2013;154.2
04/23/2013;143.5
04/22/2013;127.4
04/21/2013;119.2
04/20/2013;126.6
04/19/2013;118.5
04/18/2013;109
04/17/2013;93.1
04/16/2013;68.4
04/15/2013;82.4
04/14/2013;90
04/13/2013;93
04/12/2013;117
04/11/2013;124.9
04/10/2013;165
04/09/2013;230
04/08/2013;187.5
04/07/2013;162.3
04/06/2013;142.6
04/05/2013;142.3
04/04/2013;132.1
04/03/2013;135
04/02/2013;118
04/01/2013;104
03/31/2013;93
03/30/2013;92.2
03/29/2013;90.5
03/28/2013;86.2
03/27/2013;88.9
03/26/2013;78.5
03/25/2013;73.6
03/24/2013;71.5
03/23/2013;64.3
03/22/2013;69.9
03/21/2013;70.8
03/20/2013;64.5
03/19/2013;59.1
03/18/2013;51.6
03/17/2013;47.4
03/16/2013;47
03/15/2013;47
03/14/2013;47.2
03/13/2013;46.9
03/12/2013;44.3
03/11/2013;48.4
03/10/2013;46
03/09/2013;46.8
03/08/2013;44.2
03/07/2013;42
03/06/2013;41
03/05/2013;40.3
03/04/2013;36.2
03/03/2013;34.5
03/02/2013;34.3
03/01/2013;34.5
02/28/2013;33.4
02/27/2013;30.9
02/26/2013;31.1
02/25/2013;30.4
02/24/2013;29.9
02/23/2013;29.8
02/22/2013;30.3
02/21/2013;29.8
02/20/2013;29.6
02/19/2013;29.4
02/18/2013;27
02/17/2013;26.8
02/16/2013;27.2
02/15/2013;27.1
02/14/2013;27.2
02/13/2013;24.2
02/12/2013;25.2
02/11/2013;24.6
02/10/2013;24
02/09/2013;23.6
02/08/2013;22.7
02/07/2013;22.1
02/06/2013;21.2
02/05/2013;20.6
02/04/2013;20.4
02/03/2013;20.6
02/02/2013;19.6
02/01/2013;20.5
01/31/2013;20.4
01/30/2013;19.7
01/29/2013;19.5
01/28/2013;18.7
01/27/2013;17.8
01/26/2013;17.9
01/25/2013;17.4
01/24/2013;16.9
01/23/2013;17.5
01/22/2013;17.3
01/21/2013;16.8
01/20/2013;15.7
01/19/2013;15.6
01/18/2013;15.7
01/17/2013;15.5
01/16/2013;14.7
01/15/2013;14.3
01/14/2013;14.3
01/13/2013;14.1
01/12/2013;14.2
01/11/2013;14.1
01/10/2013;14.1
01/09/2013;13.8
01/08/2013;13.7
01/07/2013;13.6
01/06/2013;13.4
01/05/2013;13.4
01/04/2013;13.5
01/03/2013;13.4
01/02/2013;13.3
01/01/2013;13.3
12/31/2012;13.5
12/30/2012;13.4
12/29/2012;13.4
12/28/2012;13.4
12/27/2012;13.4
12/26/2012;13.5
12/25/2012;13.4
12/24/2012;13.4
12/23/2012;13.3
12/22/2012;13.4
12/21/2012;13.5
12/20/2012;13.5
12/19/2012;13.6
12/18/2012;13.3
12/17/2012;13.3
12/16/2012;13.3
12/15/2012;13.5
12/14/2012;13.6
12/13/2012;13.7
12/12/2012;13.7
12/11/2012;13.6
12/10/2012;13.4
12/09/2012;13.4
12/08/2012;13.4
12/07/2012;13.5
12/06/2012;13.3
12/05/2012;13.4
12/04/2012;13.4
12/03/2012;12.7
12/02/2012;12.5
12/01/2012;12.6
11/30/2012;12.6
11/29/2012;12.4
11/28/2012;12.4
11/27/2012;12.2
11/26/2012;12.3
11/25/2012;12.5
11/24/2012;12.4
11/23/2012;12.4
11/22/2012;12.4
11/21/2012;11.8
11/20/2012;11.7
11/19/2012;11.8
11/18/2012;11.6
11/17/2012;11.8
11/16/2012;11.8
11/15/2012;11.2
11/14/2012;10.9
11/13/2012;10.9
11/12/2012;11
11/11/2012;10.9
11/10/2012;10.9
11/09/2012;10.8
11/08/2012;10.9
11/07/2012;10.9
11/06/2012;10.9
11/05/2012;10.8
11/04/2012;10.8
11/03/2012;10.6
11/02/2012;10.5
11/01/2012;10.6
10/31/2012;11.2
10/30/2012;10.9
10/29/2012;10.6
10/28/2012;10.7
10/27/2012;10.3
10/26/2012;10.2
10/25/2012;10.9
10/24/2012;11.6
10/23/2012;11.6
10/22/2012;11.7
10/21/2012;11.6
10/20/2012;11.7
10/19/2012;11.7
10/18/2012;11.9
10/17/2012;11.8
10/16/2012;11.9
10/15/2012;11.8
10/14/2012;11.7
10/13/2012;11.9
10/12/2012;12
10/11/2012;12
10/10/2012;12.1
10/09/2012;11.9
10/08/2012;11.8
10/07/2012;11.8
10/06/2012;12.5
10/05/2012;12.7
10/04/2012;12.9
10/03/2012;12.9
10/02/2012;12.8
10/01/2012;12.4
09/30/2012;12.4
09/29/2012;12.4
09/28/2012;12.4
09/27/2012;12.3
09/26/2012;12.3
09/25/2012;12.2
09/24/2012;12.1
09/23/2012;12.2
09/22/2012;12.2
09/21/2012;12.4
09/20/2012;12.3
09/19/2012;12.6
09/18/2012;12.3
09/17/2012;11.9
09/16/2012;11.9
09/15/2012;11.8
09/14/2012;11.7
09/13/2012;11.4
09/12/2012;11.4
09/11/2012;11.3
09/10/2012;11.2
09/09/2012;11
09/08/2012;11
09/07/2012;11
09/06/2012;11.2
09/05/2012;11
09/04/2012;10.4
09/03/2012;10.5
09/02/2012;10.2
09/01/2012;10
08/31/2012;10.2
08/30/2012;10.8
08/29/2012;10.9
08/28/2012;10.9
08/27/2012;10.9
08/26/2012;10.6
08/25/2012;10.5
08/24/2012;10.6
08/23/2012;10.1
08/22/2012;9.8
08/21/2012;9.9
08/20/2012;10.1
08/19/2012;8
08/18/2012;11.6
08/17/2012;11.6
08/16/2012;13.5
08/15/2012;13.3
08/14/2012;12.2
08/13/2012;12
08/12/2012;11.6
08/11/2012;11.5
08/10/2012;11.4
08/09/2012;11.1
08/08/2012;11.1
08/07/2012;11.1
08/06/2012;10.9
08/05/2012;10.9
08/04/2012;11
08/03/2012;11
08/02/2012;10.5
08/01/2012;9.6
07/31/2012;9.4
07/30/2012;9.1
07/29/2012;8.7
07/28/2012;8.9
07/27/2012;8.9
07/26/2012;8.9
07/25/2012;8.8
07/24/2012;8.6
07/23/2012;8.4
07/22/2012;8.4
07/21/2012;8.9
07/20/2012;8.5
07/19/2012;8.9
07/18/2012;9.1
07/17/2012;8.8
07/16/2012;8.5
07/15/2012;7.6
07/14/2012;7.5
07/13/2012;7.7
07/12/2012;7.8
07/11/2012;7.2
07/10/2012;7.2
07/09/2012;7
07/08/2012;6.8
07/07/2012;6.8
07/06/2012;6.7
07/05/2012;6.7
07/04/2012;6.5
07/03/2012;6.4
07/02/2012;6.8
07/01/2012;6.6
06/30/2012;6.7
06/29/2012;6.7
06/28/2012;6.6
06/27/2012;6.7
06/26/2012;6.4
06/25/2012;6.3
06/24/2012;6.3
06/23/2012;6.4
06/22/2012;6.6
06/21/2012;6.7
06/20/2012;6.7
06/19/2012;6.5
06/18/2012;6.3
06/17/2012;6.2
06/16/2012;6.4
06/15/2012;6.5
06/14/2012;5.9
06/13/2012;5.9
06/12/2012;5.7
06/11/2012;5.6
06/10/2012;5.5
06/09/2012;5.6
06/08/2012;5.6
06/07/2012;5.6
06/06/2012;5.5
06/05/2012;5.4
06/04/2012;5.3
06/03/2012;5.2
06/02/2012;5.3
06/01/2012;5.3
05/31/2012;5.2
05/30/2012;5.1
05/29/2012;5.2
05/28/2012;5.1
05/27/2012;5.1
05/26/2012;5.1
05/25/2012;5.2
05/24/2012;5.1
05/23/2012;5.1
05/22/2012;5.1
05/21/2012;5.1
05/20/2012;5.1
05/19/2012;5.1
05/18/2012;5.1
05/17/2012;5.1
05/16/2012;5.1
05/15/2012;5
05/14/2012;5
05/13/2012;4.9
05/12/2012;4.9
05/11/2012;5
05/10/2012;4.8
05/09/2012;5
05/08/2012;5.1
05/07/2012;5.1
05/06/2012;5.1
05/05/2012;5.1
05/04/2012;5.1
05/03/2012;5.1
05/02/2012;5.1
05/01/2012;5
04/30/2012;4.9
04/29/2012;4.9
04/28/2012;5
04/27/2012;5.1
04/26/2012;5.1
04/25/2012;5.1
04/24/2012;5.1
04/23/2012;5
04/22/2012;5.2
04/21/2012;5.3
04/20/2012;5.3
04/19/2012;5.1
04/18/2012;5.1
04/17/2012;5
04/16/2012;4.9
04/15/2012;5
04/14/2012;5
04/13/2012;4.9
04/12/2012;4.9
04/11/2012;4.9
04/10/2012;4.8
04/09/2012;4.9
04/08/2012;4.8
04/07/2012;4.7
04/06/2012;4.9
04/05/2012;4.9
04/04/2012;4.9
04/03/2012;4.9
04/02/2012;5
04/01/2012;4.8
03/31/2012;4.9
03/30/2012;4.9
03/29/2012;4.8
03/28/2012;4.8
03/27/2012;4.8
03/26/2012;4.6
03/25/2012;4.6
03/24/2012;4.7
03/23/2012;4.7
03/22/2012;4.7
03/21/2012;4.8
03/20/2012;4.8
03/19/2012;4.7
03/18/2012;5.3
03/17/2012;5.2
03/16/2012;5.3
03/15/2012;5.3
03/14/2012;5.4
03/13/2012;5.3
03/12/2012;4.9
03/11/2012;4.9
03/10/2012;4.8
03/09/2012;4.9
03/08/2012;4.9
03/07/2012;4.9
03/06/2012;5
03/05/2012;5
03/04/2012;4.8
03/03/2012;4.6
03/02/2012;4.7
03/01/2012;4.9
02/29/2012;4.9
02/28/2012;4.9
02/27/2012;5
02/26/2012;4.9
02/25/2012;4.8
02/24/2012;5
02/23/2012;5
02/22/2012;4.4
02/21/2012;4.3
02/20/2012;4.4
02/19/2012;4.4
02/18/2012;4.2
02/17/2012;4.4
02/16/2012;4.3
02/15/2012;4.3
02/14/2012;4.5
02/13/2012;5.3
02/12/2012;5.5
02/11/2012;5.6
02/10/2012;5.9
02/09/2012;5.8
02/08/2012;5.6
02/07/2012;5.7
02/06/2012;5.4
02/05/2012;5.7
02/04/2012;5.9
02/03/2012;6
02/02/2012;6.1
02/01/2012;6.1
01/31/2012;5.5
01/30/2012;5.5
01/29/2012;5.4
01/28/2012;5.6
01/27/2012;5.3
01/26/2012;5.3
01/25/2012;5.8
01/24/2012;6.3
01/23/2012;6.4
01/22/2012;6.3
01/21/2012;6.2
01/20/2012;6.5
01/19/2012;6.4
01/18/2012;5.9
01/17/2012;5.6
01/16/2012;6.7
01/15/2012;7
01/14/2012;6.8
01/13/2012;6.4
01/12/2012;6.8
01/11/2012;6.9
01/10/2012;6.4
01/09/2012;6.3
01/08/2012;7.1
01/07/2012;6.8
01/06/2012;6.7
01/05/2012;6.9
01/04/2012;5.6
01/03/2012;4.9
01/02/2012;5.2
01/01/2012;5.3
